frame,timestamp_seconds,track_id,plate,ocr_confidence,detector_confidence,missed_frames,x1,y1,x2,y2
1,0.040,1,MH05JAP5158,0.9800,0.8968,0,370,263,491,310
2,0.080,1,MH05JAP5158,0.9800,0.9212,0,361,264,482,308
2,0.080,2,MH02ECZ6721,0.9800,0.4832,0,1139,237,1279,340
2,0.080,3,TN43FST6710,0.9800,0.2721,0,197,97,279,137
3,0.120,1,MH05JAP5158,0.9800,0.9153,0,350,264,472,306
3,0.120,3,TN43FST6710,0.9800,0.5832,0,183,91,266,133
4,0.160,1,MH05JAP5158,0.9800,0.9237,0,337,261,459,305
4,0.160,3,TN43FST6710,0.9800,0.4275,0,169,86,254,130
5,0.200,1,MH05JAP5158,0.9800,0.9228,0,321,260,445,303
5,0.200,3,TN43FST6710,0.9800,0.4353,0,151,82,240,125
6,0.240,1,MH05JAP5158,0.9800,0.9104,0,289,257,413,300
6,0.240,2,MH02ECZ6721,0.9800,0.6085,0,1066,228,1280,343
6,0.240,3,TN43FST6710,0.9800,0.5107,0,121,75,210,120
7,0.280,1,MH05JAP5158,0.9800,0.9043,0,241,254,367,300
7,0.280,3,TN43FST6710,0.9800,0.3031,0,68,65,164,112
8,0.320,1,MH05JAP5158,0.9800,0.9137,0,183,252,310,299
8,0.320,4,MH01BU0228,0.9800,0.7714,0,4,54,102,104
9,0.360,1,MH05JAP5158,0.9800,0.9162,0,120,250,249,298
10,0.400,1,MH05JAP5158,0.9800,0.9271,0,52,247,183,297
11,0.440,1,MH05JAP5158,0.9800,0.9003,0,0,246,114,296
14,0.560,5,MH02DJ5230,0.9800,0.3549,0,446,124,504,151
16,0.640,5,MH02DJ5230,0.9800,0.6640,0,439,120,504,152
22,0.880,1,MH05JAP5158,0.9800,0.8756,0,0,262,73,311
23,0.920,1,MH05JAP5158,0.9800,0.9237,0,0,268,116,321
24,0.960,1,MH05JAP5158,0.9800,0.9210,0,30,273,160,326
25,1.000,1,MH05JAP5158,0.9800,0.9126,0,72,277,201,330
26,1.040,1,MH05JAP5158,0.9800,0.9115,0,111,281,239,332
27,1.080,1,MH05JAP5158,0.9800,0.9169,0,145,284,271,335
28,1.120,1,MH05JAP5158,0.9800,0.9161,0,176,289,299,337
28,1.120,6,MH14MFC6011,0.9800,0.7807,0,930,149,998,183
28,1.120,7,MH01AMO5898,0.9800,0.6058,0,768,156,823,184
29,1.160,1,MH05JAP5158,0.9800,0.9070,0,202,292,326,339
29,1.160,6,MH14MFC6011,0.9800,0.8018,0,954,151,1042,184
29,1.160,8,MH14TC75,0.9800,0.3121,0,884,293,908,310
30,1.200,1,MH05JAP5158,0.9800,0.9054,0,226,294,348,342
30,1.200,6,MH14MFC6011,0.9800,0.8660,0,989,152,1081,187
30,1.200,9,MH01TC13,0.9800,0.3428,0,730,295,778,319
31,1.240,1,MH05JAP5158,0.9800,0.8988,0,243,296,366,343
31,1.240,6,MH14MFC6011,0.9800,0.8194,0,1025,153,1116,189
32,1.280,1,MH05JAP5158,0.9800,0.8924,0,257,298,378,344
32,1.280,6,MH14MFC6011,0.9800,0.7599,0,1053,154,1149,191
33,1.320,1,MH05JAP5158,0.9800,0.8985,0,270,299,389,344
33,1.320,6,MH14MFC6011,0.9800,0.6886,0,1082,153,1180,196
34,1.360,1,MH05JAP5158,0.9800,0.9006,0,277,298,395,344
34,1.360,6,MH14MFC6011,0.9800,0.6916,0,1109,152,1206,194
35,1.400,1,MH05JAP5158,0.9800,0.9006,0,281,298,400,343
35,1.400,6,MH14MFC6011,0.9800,0.7440,0,1133,153,1233,193
36,1.440,1,MH05JAP5158,0.9800,0.8931,0,287,298,405,342
36,1.440,6,MH14MFC6011,0.9800,0.7937,0,1153,154,1259,192
36,1.440,10,MH01AMI4321,0.9800,0.6302,0,1053,158,1138,189
37,1.480,1,MH05JAP5158,0.9800,0.8936,0,291,298,408,342
37,1.480,6,MH14MFC6011,0.9800,0.4997,0,1176,153,1280,194
38,1.520,1,MH05JAP5158,0.9800,0.8955,0,295,297,412,341
38,1.520,6,MH14MFC6011,0.9800,0.7853,0,1199,154,1279,194
38,1.520,10,MH01AMI4321,0.9800,0.3912,0,1094,156,1181,191
39,1.560,1,MH05JAP5158,0.9800,0.9044,0,298,297,416,340
39,1.560,6,MH14MFC6011,0.9800,0.6758,0,1224,155,1280,195
39,1.560,10,MH01AMI4321,0.9800,0.6411,0,1114,155,1208,192
40,1.600,1,MH05JAP5158,0.9800,0.9121,0,299,297,417,340
40,1.600,10,MH01AMI4321,0.9800,0.5350,0,1134,155,1230,193
40,1.600,11,GJ26EO1105,0.9800,0.5170,0,1055,156,1108,191
41,1.640,1,MH05JAP5158,0.9800,0.9076,0,299,297,417,340
41,1.640,6,MH14MFC6011,0.9800,0.3220,0,1155,155,1250,193
41,1.640,11,GJ26EO1105,0.9800,0.7443,0,1062,156,1126,193
42,1.680,1,MH05JAP5158,0.9800,0.9070,0,298,296,416,339
42,1.680,6,MH14MFC6011,0.9800,0.5525,0,1172,155,1269,194
42,1.680,11,GJ26EO1105,0.9800,0.6973,0,1065,155,1145,194
43,1.720,1,MH05JAP5158,0.9800,0.9053,0,297,297,415,339
43,1.720,6,MH14MFC6011,0.9800,0.5331,0,1192,156,1279,197
43,1.720,11,GJ26EO1105,0.9800,0.8656,0,1073,156,1163,192
44,1.760,1,MH05JAP5158,0.9800,0.8963,0,296,296,413,339
44,1.760,10,MH01AMI4321,0.9800,0.6335,0,1090,154,1183,194
45,1.800,1,MH05JAP5158,0.9800,0.8821,0,294,295,411,339
45,1.800,10,MH01AMI4321,0.9800,0.7922,0,1107,156,1204,193
46,1.840,1,MH05JAP5158,0.9800,0.8842,0,293,295,409,338
46,1.840,10,MH01AMI4321,0.9800,0.8359,0,1125,154,1224,195
47,1.880,1,MH05JAP5158,0.9800,0.8805,0,292,296,408,339
47,1.880,6,MH14MFC6011,0.9800,0.6517,0,1143,157,1245,195
48,1.920,1,MH05JAP5158,0.9800,0.8829,0,289,295,406,339
48,1.920,6,MH14MFC6011,0.9800,0.7560,0,1163,156,1269,197
48,1.920,11,GJ26EO1105,0.9800,0.4024,0,1069,162,1147,192
49,1.960,1,MH05JAP5158,0.9800,0.8895,0,287,295,404,339
49,1.960,6,MH14MFC6011,0.9800,0.3505,0,1184,155,1279,200
49,1.960,10,MH01AMI4321,0.9800,0.6745,0,1085,158,1168,194
49,1.960,12,MH12TC0781,0.9800,0.3663,0,1111,211,1252,292
50,2.000,1,MH05JAP5158,0.9800,0.8918,0,284,295,400,340
50,2.000,6,MH14MFC6011,0.9800,0.4283,0,1200,156,1280,201
50,2.000,10,MH01AMI4321,0.9800,0.6528,0,1099,157,1188,197
50,2.000,12,MH12TC0781,0.9800,0.7777,0,1129,213,1273,298
51,2.040,1,MH05JAP5158,0.9800,0.8945,0,281,296,398,340
51,2.040,12,MH12TC0781,0.9800,0.8460,0,1147,215,1280,300
52,2.080,1,MH05JAP5158,0.9800,0.9016,0,278,296,395,339
52,2.080,6,MH14MFC6011,0.9800,0.4167,0,1139,159,1231,199
53,2.120,1,MH05JAP5158,0.9800,0.8892,0,274,295,393,340
54,2.160,1,MH05JAP5158,0.9800,0.8898,0,271,295,387,339
54,2.160,6,MH14MFC6011,0.9800,0.4514,0,1179,162,1274,201
54,2.160,10,MH01AMI4321,0.9800,0.6572,0,1074,159,1148,197
55,2.200,1,MH05JAP5158,0.9800,0.9020,0,266,296,384,338
55,2.200,10,MH01AMI4321,0.9800,0.5146,0,1080,158,1167,196
56,2.240,1,MH05JAP5158,0.9800,0.8822,0,260,295,379,339
56,2.240,10,MH01AMI4321,0.9800,0.3780,0,1094,157,1187,197
57,2.280,1,MH05JAP5158,0.9800,0.8964,0,255,294,374,338
57,2.280,10,MH01AMI4321,0.9800,0.6554,0,1111,156,1207,197
58,2.320,1,MH05JAP5158,0.9800,0.8753,0,249,293,368,339
58,2.320,6,MH14MFC6011,0.9800,0.5003,0,1129,155,1228,199
59,2.360,1,MH05JAP5158,0.9800,0.8820,0,242,293,362,338
59,2.360,6,MH14MFC6011,0.9800,0.6148,0,1146,156,1250,199
60,2.400,1,MH05JAP5158,0.9800,0.8803,0,235,292,357,338
60,2.400,6,MH14MFC6011,0.9800,0.4014,0,1167,156,1274,201
61,2.440,1,MH05JAP5158,0.9800,0.8881,0,231,293,352,339
61,2.440,6,MH14MFC6011,0.9800,0.3431,0,1190,156,1279,204
62,2.480,1,MH05JAP5158,0.9800,0.8823,0,226,293,348,340
62,2.480,6,MH14MFC6011,0.9800,0.5718,0,1207,158,1280,204
62,2.480,10,MH01AMI4321,0.9800,0.6449,0,1099,161,1187,196
63,2.520,1,MH05JAP5158,0.9800,0.8985,0,224,295,345,340
63,2.520,10,MH01AMI4321,0.9800,0.4840,0,1120,161,1213,198
63,2.520,12,MH12TC0781,0.9800,0.4899,0,1148,214,1280,305
64,2.560,1,MH05JAP5158,0.9800,0.8991,0,221,295,343,341
64,2.560,10,MH01AMI4321,0.9800,0.2790,0,1143,162,1235,198
65,2.600,1,MH05JAP5158,0.9800,0.8950,0,219,295,341,342
65,2.600,6,MH14MFC6011,0.9800,0.6735,0,1168,163,1263,200
65,2.600,13,MH01BU0406,0.9800,0.4290,0,904,166,958,196
65,2.600,14,MH02K6764,0.9800,0.2538,0,820,341,849,361
66,2.640,1,MH05JAP5158,0.9800,0.8908,0,218,298,342,344
66,2.640,6,MH14MFC6011,0.9800,0.3702,0,1193,165,1279,204
66,2.640,14,MH02K6764,0.9800,0.2576,0,825,342,857,364
67,2.680,1,MH05JAP5158,0.9800,0.9085,0,218,301,342,345
67,2.680,13,MH01BU0406,0.9800,0.3256,0,930,165,991,199
68,2.720,1,MH05JAP5158,0.9800,0.8966,0,218,302,343,349
69,2.760,1,MH05JAP5158,0.9800,0.9160,0,219,306,343,351
70,2.800,1,MH05JAP5158,0.9800,0.9109,0,217,307,342,353
71,2.840,1,MH05JAP5158,0.9800,0.9051,0,217,310,341,355
71,2.840,15,MH01BTB4929,0.9800,0.3354,0,995,172,1065,204
72,2.880,1,MH05JAP5158,0.9800,0.8970,0,214,311,341,359
73,2.920,1,MH05JAP5158,0.9800,0.8979,0,213,314,339,361
74,2.960,1,MH05JAP5158,0.9800,0.8982,0,210,317,336,364
75,3.000,1,MH05JAP5158,0.9800,0.8851,0,207,320,335,369
76,3.040,1,MH05JAP5158,0.9800,0.9087,0,203,324,332,371
77,3.080,1,MH05JAP5158,0.9800,0.9035,0,200,328,330,374
78,3.120,1,MH05JAP5158,0.9800,0.9083,0,196,330,327,377
78,3.120,16,MH01CG0567,0.9800,0.3473,0,912,388,945,412
78,3.120,17,MH12TZZ7106,0.9800,0.2506,0,963,182,1025,215
79,3.160,1,MH05JAP5158,0.9800,0.8999,0,193,332,325,381
79,3.160,15,MH01BTB4929,0.9800,0.4002,0,979,183,1042,216
80,3.200,1,MH05JAP5158,0.9800,0.9064,0,188,336,320,384
80,3.200,15,MH01BTB4929,0.9800,0.4653,0,996,183,1062,217
81,3.240,1,MH05JAP5158,0.9800,0.8929,0,184,340,319,387
82,3.280,1,MH05JAP5158,0.9800,0.8826,0,180,342,314,392
83,3.320,1,MH05JAP5158,0.9800,0.9099,0,175,347,311,396
84,3.360,1,MH05JAP5158,0.9800,0.9053,0,170,350,308,400
84,3.360,18,MH02AUA5152,0.9800,0.2934,0,1063,183,1145,223
85,3.400,1,MH05JAP5158,0.9800,0.8990,0,165,352,304,406
85,3.400,18,MH02AUA5152,0.9800,0.4637,0,1084,184,1169,225
86,3.440,1,MH05JAP5158,0.9800,0.8946,0,159,356,299,407
87,3.480,1,MH05JAP5158,0.9800,0.8936,0,153,359,294,412
87,3.480,19,MH04EE0298,0.9800,0.4618,0,157,125,202,147
87,3.480,20,MH42RZ6135,0.9800,0.3060,0,1041,192,1110,226
88,3.520,1,MH05JAP5158,0.9800,0.8959,0,148,361,289,416
88,3.520,19,MH04EE0298,0.9800,0.4503,0,149,122,193,145
89,3.560,1,MH05JAP5158,0.9800,0.9042,0,142,365,284,418
89,3.560,19,MH04EE0298,0.9800,0.3930,0,137,118,184,143
90,3.600,1,MH05JAP5158,0.9800,0.9147,0,135,367,279,419
90,3.600,18,MH02AUA5152,0.9800,0.4887,0,1093,193,1175,226
90,3.600,19,MH04EE0298,0.9800,0.3493,0,127,114,174,136
91,3.640,1,MH05JAP5158,0.9800,0.9103,0,128,370,272,422
91,3.640,18,MH02AUA5152,0.9800,0.5253,0,1114,192,1198,227
92,3.680,1,MH05JAP5158,0.9800,0.9066,0,121,370,267,425
92,3.680,18,MH02AUA5152,0.9800,0.6301,0,1133,192,1221,229
92,3.680,19,MH04EE0298,0.9800,0.4593,0,102,105,152,131
93,3.720,1,MH05JAP5158,0.9800,0.9140,0,114,371,261,428
93,3.720,18,MH02AUA5152,0.9800,0.2510,0,1153,191,1246,229
93,3.720,19,MH04EE0298,0.9800,0.4953,0,87,102,137,127
94,3.760,1,MH05JAP5158,0.9800,0.8894,0,106,373,255,430
94,3.760,19,MH04EE0298,0.9800,0.6431,0,72,97,122,122
95,3.800,1,MH05JAP5158,0.9800,0.8996,0,100,376,248,432
96,3.840,1,MH05JAP5158,0.9800,0.9069,0,93,379,242,433
96,3.840,21,KL02F2698,0.9800,0.7053,0,38,85,92,114
97,3.880,1,MH05JAP5158,0.9800,0.8999,0,86,379,236,438
97,3.880,21,KL02F2698,0.9800,0.3535,0,19,80,76,109
98,3.920,1,MH05JAP5158,0.9800,0.8946,0,79,382,228,441
98,3.920,21,KL02F2698,0.9800,0.3741,0,0,74,56,106
99,3.960,1,MH05JAP5158,0.9800,0.9070,0,71,386,222,445
100,4.000,1,MH05JAP5158,0.9800,0.9038,0,64,388,215,446
101,4.040,1,MH05JAP5158,0.9800,0.8970,0,55,390,208,451
102,4.080,1,MH05JAP5158,0.9800,0.8928,0,49,393,202,454
103,4.120,1,MH05JAP5158,0.9800,0.9058,0,41,396,194,457
104,4.160,1,MH05JAP5158,0.9800,0.9085,0,33,400,187,459
105,4.200,1,MH05JAP5158,0.9800,0.9130,0,28,402,181,462
106,4.240,1,MH05JAP5158,0.9800,0.9081,0,20,405,174,465
107,4.280,1,MH05JAP5158,0.9800,0.9135,0,14,409,168,468
108,4.320,1,MH05JAP5158,0.9800,0.9192,0,6,413,162,469
109,4.360,1,MH05JAP5158,0.9800,0.9136,0,0,414,157,472
110,4.400,1,MH05JAP5158,0.9800,0.9016,0,0,415,151,476
110,4.400,22,MH02AUC0118,0.9800,0.3507,0,949,210,993,236
111,4.440,1,MH05JAP5158,0.9800,0.8929,0,0,415,145,479
112,4.480,1,MH05JAP5158,0.9800,0.9045,0,0,420,139,480
113,4.520,1,MH05JAP5158,0.9800,0.9106,0,0,423,135,482
113,4.520,23,MH01FI3537,0.9800,0.2504,0,1057,413,1090,430
114,4.560,1,MH05JAP5158,0.9800,0.9027,0,0,422,129,487
114,4.560,23,MH01FI3537,0.9800,0.3790,0,1058,413,1090,430
115,4.600,1,MH05JAP5158,0.9800,0.9123,0,0,429,125,485
116,4.640,1,MH05JAP5158,0.9800,0.9106,0,0,428,122,486
116,4.640,24,MH01BUB2082,0.9800,0.6676,0,1085,193,1152,234
117,4.680,1,MH05JAP5158,0.9800,0.9185,0,0,429,119,487
117,4.680,24,MH01BUB2082,0.9800,0.8278,0,1087,190,1171,233
117,4.680,25,MH02RM6694,0.9800,0.3332,0,531,281,557,293
118,4.720,1,MH05JAP5158,0.9800,0.9225,0,0,429,118,486
118,4.720,18,MH02AUA5152,0.9800,0.8078,0,1102,190,1187,231
118,4.720,22,MH02AUC0118,0.9800,0.4967,0,959,202,1011,236
118,4.720,25,MH02RM6694,0.9800,0.3118,0,531,281,557,292
119,4.760,1,MH05JAP5158,0.9800,0.9166,0,0,428,116,486
119,4.760,18,MH02AUA5152,0.9800,0.8670,0,1116,190,1206,230
120,4.800,1,MH05JAP5158,0.9800,0.9088,0,0,428,116,486
120,4.800,18,MH02AUA5152,0.9800,0.6987,0,1130,187,1225,228
120,4.800,25,MH02RM6694,0.9800,0.3942,0,530,279,557,292
120,4.800,26,KL01BU0596,0.9800,0.3632,0,69,48,167,109
121,4.840,1,MH05JAP5158,0.9800,0.9164,0,0,428,115,486
121,4.840,18,MH02AUA5152,0.9800,0.6088,0,1148,184,1245,228
121,4.840,23,MH01FI3537,0.9800,0.5314,0,1059,414,1091,429
121,4.840,26,KL01BU0596,0.9800,0.4631,0,10,9,151,104
122,4.880,1,MH05JAP5158,0.9800,0.9178,0,0,428,114,487
122,4.880,18,MH02AUA5152,0.9800,0.8852,0,1166,183,1266,226
122,4.880,25,MH02RM6694,0.9800,0.2850,0,528,279,554,292
122,4.880,26,KL01BU0596,0.9800,0.7204,0,3,14,134,99
123,4.920,1,MH05JAP5158,0.9800,0.9092,0,0,427,113,487
123,4.920,18,MH02AUA5152,0.9800,0.6295,0,1182,180,1279,225
123,4.920,26,KL01BU0596,0.9800,0.7963,0,0,16,115,93
124,4.960,1,MH05JAP5158,0.9800,0.9062,0,0,427,113,487
124,4.960,18,MH02AUA5152,0.9800,0.5010,0,1196,178,1279,224
124,4.960,25,MH02RM6694,0.9800,0.4582,0,525,279,549,291
125,5.000,1,MH05JAP5158,0.9800,0.9090,0,0,427,112,485
125,5.000,18,MH02AUA5152,0.9800,0.3676,0,1215,174,1280,222
125,5.000,25,MH02RM6694,0.9800,0.3987,0,523,278,550,292
126,5.040,1,MH05JAP5158,0.9800,0.9104,0,0,426,112,484
126,5.040,25,MH02RM6694,0.9800,0.6063,0,522,278,544,290
127,5.080,1,MH05JAP5158,0.9800,0.9205,0,0,424,111,481
127,5.080,25,MH02RM6694,0.9800,0.6232,0,520,276,542,287
128,5.120,1,MH05JAP5158,0.9800,0.9242,0,0,423,111,480
128,5.120,18,MH02AUA5152,0.9800,0.5980,0,1155,176,1246,213
128,5.120,25,MH02RM6694,0.9800,0.5439,0,515,275,539,287
129,5.160,1,MH05JAP5158,0.9800,0.9182,0,0,420,108,478
129,5.160,18,MH02AUA5152,0.9800,0.5218,0,1169,172,1261,214
129,5.160,24,MH01BUB2082,0.9800,0.6910,0,1063,172,1141,216
129,5.160,25,MH02RM6694,0.9800,0.6733,0,509,273,533,285
130,5.200,1,MH05JAP5158,0.9800,0.9119,0,0,416,106,476
130,5.200,18,MH02AUA5152,0.9800,0.8043,0,1180,170,1277,209
130,5.200,24,MH01BUB2082,0.9800,0.5025,0,1070,168,1153,213
130,5.200,25,MH02RM6694,0.9800,0.5340,0,505,271,528,282
131,5.240,1,MH05JAP5158,0.9800,0.9054,0,0,414,102,473
131,5.240,24,MH01BUB2082,0.9800,0.5626,0,1079,165,1165,209
131,5.240,25,MH02RM6694,0.9800,0.6086,0,500,269,524,281
132,5.280,1,MH05JAP5158,0.9800,0.9235,0,0,409,97,471
132,5.280,18,MH02AUA5152,0.9800,0.7283,0,1206,158,1280,205
132,5.280,25,MH02RM6694,0.9800,0.4835,0,493,268,517,280
133,5.320,1,MH05JAP5158,0.9800,0.9244,0,0,407,93,466
133,5.320,24,MH01BUB2082,0.9800,0.6413,0,1098,156,1191,203
133,5.320,25,MH02RM6694,0.9800,0.6837,0,488,264,511,276
134,5.360,1,MH05JAP5158,0.9800,0.9104,0,0,405,90,467
134,5.360,25,MH02RM6694,0.9800,0.5165,0,480,262,507,277
135,5.400,1,MH05JAP5158,0.9800,0.9026,0,0,404,87,466
135,5.400,24,MH01BUB2082,0.9800,0.8293,0,1118,154,1221,198
135,5.400,25,MH02RM6694,0.9800,0.6324,0,475,262,502,276
136,5.440,1,MH05JAP5158,0.9800,0.9003,0,0,404,86,465
136,5.440,24,MH01BUB2082,0.9800,0.8092,0,1132,151,1240,197
137,5.480,1,MH05JAP5158,0.9800,0.8967,0,0,404,87,464
137,5.480,18,MH02AUA5152,0.9800,0.8331,0,1150,151,1261,195
137,5.480,25,MH02RM6694,0.9800,0.6768,0,470,262,497,276
138,5.520,1,MH05JAP5158,0.9800,0.9113,0,0,405,90,463
138,5.520,27,KL01TCL7056,0.9800,0.5979,0,1070,158,1155,197
139,5.560,1,MH05JAP5158,0.9800,0.9172,0,0,404,95,463
139,5.560,18,MH02AUA5152,0.9800,0.5376,0,1193,152,1279,198
139,5.560,24,MH01BUB2082,0.9800,0.6958,0,1089,158,1178,199
139,5.560,25,MH02RM6694,0.9800,0.7070,0,475,266,496,277
140,5.600,1,MH05JAP5158,0.9800,0.9154,0,0,402,101,463
140,5.600,24,MH01BUB2082,0.9800,0.5472,0,1112,159,1202,198
140,5.600,25,MH02RM6694,0.9800,0.4263,0,476,267,500,280
141,5.640,1,MH05JAP5158,0.9800,0.9127,0,0,401,108,462
141,5.640,18,MH02AUA5152,0.9800,0.5547,0,1134,158,1226,199
141,5.640,25,MH02RM6694,0.9800,0.6352,0,482,268,506,281
141,5.640,27,KL01TCL7056,0.9800,0.3706,0,1028,164,1108,205
142,5.680,1,MH05JAP5158,0.9800,0.9084,0,0,400,116,459
142,5.680,18,MH02AUA5152,0.9800,0.7683,0,1156,159,1255,198
142,5.680,27,KL01TCL7056,0.9800,0.6382,0,1045,164,1131,205
143,5.720,1,MH05JAP5158,0.9800,0.9094,0,0,398,124,456
143,5.720,18,MH02AUA5152,0.9800,0.5814,0,1181,158,1279,199
143,5.720,24,MH01BUB2082,0.9800,0.5363,0,1063,164,1154,206
144,5.760,1,MH05JAP5158,0.9800,0.9161,0,0,396,133,454
144,5.760,18,MH02AUA5152,0.9800,0.2909,0,1209,157,1280,201
144,5.760,24,MH01BUB2082,0.9800,0.7721,0,1089,164,1179,206
145,5.800,1,MH05JAP5158,0.9800,0.9259,0,0,395,139,451
145,5.800,24,MH01BUB2082,0.9800,0.8561,0,1108,165,1204,208
145,5.800,28,MH01TC0297,0.9800,0.3167,0,1022,400,1056,415
146,5.840,1,MH05JAP5158,0.9800,0.9193,0,8,394,145,449
146,5.840,24,MH01BUB2082,0.9800,0.6555,0,1129,163,1228,209
147,5.880,1,MH05JAP5158,0.9800,0.9117,0,15,391,151,448
147,5.880,18,MH02AUA5152,0.9800,0.8297,0,1150,165,1255,209
148,5.920,1,MH05JAP5158,0.9800,0.9138,0,21,389,156,445
148,5.920,18,MH02AUA5152,0.9800,0.6921,0,1171,163,1280,210
149,5.960,1,MH05JAP5158,0.9800,0.9123,0,25,387,161,441
149,5.960,18,MH02AUA5152,0.9800,0.5950,0,1193,166,1279,211
149,5.960,24,MH01BUB2082,0.9800,0.2735,0,1091,174,1175,209
150,6.000,1,MH05JAP5158,0.9800,0.9036,0,32,383,165,439
150,6.000,18,MH02AUA5152,0.9800,0.7196,0,1215,165,1280,211
150,6.000,24,MH01BUB2082,0.9800,0.4416,0,1109,174,1196,209
151,6.040,1,MH05JAP5158,0.9800,0.8966,0,34,380,169,436
151,6.040,24,MH01BUB2082,0.9800,0.4579,0,1125,172,1218,209
152,6.080,1,MH05JAP5158,0.9800,0.8929,0,39,377,173,430
152,6.080,24,MH01BUB2082,0.9800,0.5209,0,1145,173,1234,210
152,6.080,29,MH04TC8112,0.9800,0.7530,0,923,193,969,219
153,6.120,1,MH05JAP5158,0.9800,0.9061,0,45,373,176,428
153,6.120,18,MH02AUA5152,0.9800,0.2885,0,1165,171,1256,211
154,6.160,1,MH05JAP5158,0.9800,0.9264,0,49,374,181,426
154,6.160,18,MH02AUA5152,0.9800,0.8541,0,1181,173,1277,212
155,6.200,1,MH05JAP5158,0.9800,0.9130,0,54,373,185,427
155,6.200,18,MH02AUA5152,0.9800,0.5122,0,1200,172,1280,215
155,6.200,27,KL01TCL7056,0.9800,0.4503,0,1089,174,1173,218
156,6.240,1,MH05JAP5158,0.9800,0.9097,0,59,374,188,426
156,6.240,18,MH02AUA5152,0.9800,0.5625,0,1218,174,1280,216
156,6.240,24,MH01BUB2082,0.9800,0.6666,0,1104,174,1191,220
157,6.280,1,MH05JAP5158,0.9800,0.9242,0,64,375,193,425
157,6.280,24,MH01BUB2082,0.9800,0.7539,0,1114,175,1209,221
158,6.320,1,MH05JAP5158,0.9800,0.9290,0,69,375,196,425
158,6.320,24,MH01BUB2082,0.9800,0.6951,0,1132,176,1228,225
158,6.320,30,TN02BU7099,0.9800,0.4498,0,879,203,914,225
159,6.360,1,MH05JAP5158,0.9800,0.9283,0,72,375,200,425
159,6.360,24,MH01BUB2082,0.9800,0.7261,0,1147,179,1248,226
159,6.360,30,TN02BU7099,0.9800,0.4221,0,887,206,920,228
160,6.400,1,MH05JAP5158,0.9800,0.9251,0,77,375,204,425
160,6.400,18,MH02AUA5152,0.9800,0.4483,0,1164,178,1270,227
161,6.440,1,MH05JAP5158,0.9800,0.9056,0,81,374,208,425
161,6.440,27,KL01TCL7056,0.9800,0.4216,0,1090,188,1167,228
162,6.480,1,MH05JAP5158,0.9800,0.8940,0,86,373,213,425
163,6.520,1,MH05JAP5158,0.9800,0.9100,0,93,372,217,423
164,6.560,1,MH05JAP5158,0.9800,0.8990,0,97,372,222,423
165,6.600,1,MH05JAP5158,0.9800,0.8942,0,104,371,227,421
166,6.640,1,MH05JAP5158,0.9800,0.8908,0,109,371,233,420
167,6.680,1,MH05JAP5158,0.9800,0.8867,0,115,371,237,419
168,6.720,1,MH05JAP5158,0.9800,0.8984,0,119,371,241,418
169,6.760,1,MH05JAP5158,0.9800,0.8972,0,124,371,246,417
170,6.800,1,MH05JAP5158,0.9800,0.8884,0,129,370,249,417
171,6.840,1,MH05JAP5158,0.9800,0.8900,0,132,370,252,416
171,6.840,31,DL02AZ6290,0.9800,0.4556,0,980,211,1035,247
172,6.880,1,MH05JAP5158,0.9800,0.8925,0,137,370,255,414
173,6.920,1,MH05JAP5158,0.9800,0.8864,0,140,369,258,413
173,6.920,18,MH02AUA5152,0.9800,0.8685,0,1189,197,1270,241
174,6.960,1,MH05JAP5158,0.9800,0.8968,0,144,366,262,413
174,6.960,18,MH02AUA5152,0.9800,0.8370,0,1181,194,1280,241
174,6.960,32,MH01AUO9112,0.9800,0.2912,0,868,229,897,247
175,7.000,1,MH05JAP5158,0.9800,0.8983,0,149,366,266,410
175,7.000,18,MH02AUA5152,0.9800,0.5462,0,1200,195,1279,242
176,7.040,1,MH05JAP5158,0.9800,0.8909,0,153,364,268,409
176,7.040,18,MH02AUA5152,0.9800,0.3066,0,1219,199,1280,242
177,7.080,1,MH05JAP5158,0.9800,0.8962,0,158,364,272,407
178,7.120,1,MH05JAP5158,0.9800,0.9022,0,162,361,276,405
179,7.160,1,MH05JAP5158,0.9800,0.8892,0,166,359,281,402
179,7.160,32,MH01AUO9112,0.9800,0.3570,0,856,228,884,245
180,7.200,1,MH05JAP5158,0.9800,0.8847,0,170,356,284,400
180,7.200,27,KL01TCL7056,0.9800,0.7490,0,1071,198,1152,240
181,7.240,1,MH05JAP5158,0.9800,0.8913,0,175,355,288,398
181,7.240,18,MH02AUA5152,0.9800,0.2951,0,1193,194,1280,239
181,7.240,27,KL01TCL7056,0.9800,0.4914,0,1089,195,1169,240
182,7.280,1,MH05JAP5158,0.9800,0.8831,0,180,352,292,396
182,7.280,27,KL01TCL7056,0.9800,0.7158,0,1097,194,1184,239
183,7.320,1,MH05JAP5158,0.9800,0.8897,0,182,351,294,392
183,7.320,24,MH01BUB2082,0.9800,0.7288,0,1114,193,1201,237
184,7.360,1,MH05JAP5158,0.9800,0.8986,0,187,348,298,390
184,7.360,24,MH01BUB2082,0.9800,0.3264,0,1125,190,1217,235
185,7.400,1,MH05JAP5158,0.9800,0.9099,0,191,346,300,387
185,7.400,18,MH02AUA5152,0.9800,0.5551,0,1140,187,1236,234
185,7.400,31,DL02AZ6290,0.9800,0.3356,0,976,201,1039,240
186,7.440,1,MH05JAP5158,0.9800,0.8881,0,193,343,303,385
186,7.440,18,MH02AUA5152,0.9800,0.7228,0,1151,185,1253,232
187,7.480,1,MH05JAP5158,0.9800,0.9011,0,194,340,303,381
187,7.480,18,MH02AUA5152,0.9800,0.7413,0,1166,183,1268,230
187,7.480,33,TN43BZG3212,0.9800,0.2598,0,948,488,996,520
188,7.520,1,MH05JAP5158,0.9800,0.8914,0,196,339,303,377
189,7.560,1,MH05JAP5158,0.9800,0.8978,0,196,335,303,374
190,7.600,1,MH05JAP5158,0.9800,0.8935,0,197,329,303,370
190,7.600,34,AP07OF0115,0.9800,0.2789,0,952,195,1004,223
191,7.640,1,MH05JAP5158,0.9800,0.8967,0,196,328,302,365
191,7.640,24,MH01BUB2082,0.9800,0.5253,0,1116,179,1203,219
192,7.680,1,MH05JAP5158,0.9800,0.9086,0,196,324,303,364
192,7.680,35,MH01RIT0114,0.9800,0.5667,0,906,191,949,221
193,7.720,1,MH05JAP5158,0.9800,0.9110,0,199,323,304,361
193,7.720,18,MH02AUA5152,0.9800,0.5508,0,1143,173,1231,213
194,7.760,1,MH05JAP5158,0.9800,0.9044,0,202,322,308,361
194,7.760,18,MH02AUA5152,0.9800,0.5733,0,1159,174,1251,213
194,7.760,36,UK02DF0085,0.9800,0.3671,0,1053,172,1132,218
195,7.800,1,MH05JAP5158,0.9800,0.9056,0,208,323,312,362
195,7.800,18,MH02AUA5152,0.9800,0.7818,0,1177,174,1273,212
195,7.800,24,MH01BUB2082,0.9800,0.7207,0,1065,173,1149,217
195,7.800,34,AP07OF0115,0.9800,0.3752,0,927,189,977,218
196,7.840,1,MH05JAP5158,0.9800,0.9017,0,214,324,317,363
196,7.840,18,MH02AUA5152,0.9800,0.8282,0,1197,171,1280,215
196,7.840,24,MH01BUB2082,0.9800,0.7821,0,1080,172,1169,218
196,7.840,37,MH02ROS0561,0.9800,0.8730,0,827,619,908,672
197,7.880,1,MH05JAP5158,0.9800,0.8857,0,219,326,322,365
197,7.880,18,MH02AUA5152,0.9800,0.6049,0,1219,174,1280,215
197,7.880,24,MH01BUB2082,0.9800,0.4834,0,1097,174,1188,219
197,7.880,34,AP07OF0115,0.9800,0.3004,0,946,189,1000,220
197,7.880,37,MH02ROS0561,0.9800,0.8420,0,817,614,896,662
198,7.920,1,MH05JAP5158,0.9800,0.8836,0,225,327,328,368
198,7.920,37,MH02ROS0561,0.9800,0.8625,0,805,608,883,656
199,7.960,1,MH05JAP5158,0.9800,0.8879,0,230,331,331,371
199,7.960,24,MH01BUB2082,0.9800,0.6193,0,1131,176,1230,222
199,7.960,37,MH02ROS0561,0.9800,0.8403,0,795,600,873,651
200,8.000,1,MH05JAP5158,0.9800,0.8851,0,234,333,336,374
200,8.000,18,MH02AUA5152,0.9800,0.7695,0,1148,178,1254,227
200,8.000,37,MH02ROS0561,0.9800,0.8607,0,785,596,861,644
201,8.040,1,MH05JAP5158,0.9800,0.8872,0,236,336,340,375
201,8.040,18,MH02AUA5152,0.9800,0.4369,0,1166,180,1274,227
201,8.040,37,MH02ROS0561,0.9800,0.8767,0,776,591,850,635
202,8.080,1,MH05JAP5158,0.9800,0.8864,0,240,337,341,375
202,8.080,27,KL01TCL7056,0.9800,0.4663,0,1088,188,1166,224
202,8.080,31,DL02AZ6290,0.9800,0.3448,0,1002,194,1068,234
202,8.080,33,TN43BZG3212,0.9800,0.4853,0,935,477,982,511
202,8.080,37,MH02ROS0561,0.9800,0.8452,0,766,585,840,632
203,8.120,1,MH05JAP5158,0.9800,0.8824,0,241,337,343,376
203,8.120,18,MH02AUA5152,0.9800,0.3139,0,1203,176,1280,229
203,8.120,31,DL02AZ6290,0.9800,0.4408,0,1012,195,1078,232
203,8.120,37,MH02ROS0561,0.9800,0.8432,0,756,578,828,623
204,8.160,1,MH05JAP5158,0.9800,0.8832,0,242,338,344,376
204,8.160,24,MH01BUB2082,0.9800,0.3387,0,1116,188,1204,224
204,8.160,37,MH02ROS0561,0.9800,0.8461,0,745,569,818,615
205,8.200,1,MH05JAP5158,0.9800,0.8823,0,242,337,344,377
205,8.200,24,MH01BUB2082,0.9800,0.3948,0,1131,186,1223,225
205,8.200,33,TN43BZG3212,0.9800,0.6881,0,937,475,985,510
205,8.200,37,MH02ROS0561,0.9800,0.8362,0,736,562,807,608
206,8.240,1,MH05JAP5158,0.9800,0.8857,0,241,336,344,377
206,8.240,18,MH02AUA5152,0.9800,0.3525,0,1146,185,1239,225
206,8.240,33,TN43BZG3212,0.9800,0.8036,0,936,474,984,509
206,8.240,37,MH02ROS0561,0.9800,0.8523,0,727,557,796,599
207,8.280,1,MH05JAP5158,0.9800,0.8879,0,240,337,342,375
207,8.280,18,MH02AUA5152,0.9800,0.4249,0,1159,182,1259,227
207,8.280,27,KL01TCL7056,0.9800,0.3075,0,1052,187,1135,230
207,8.280,33,TN43BZG3212,0.9800,0.6664,0,933,473,981,507
207,8.280,37,MH02ROS0561,0.9800,0.8614,0,716,551,784,589
208,8.320,1,MH05JAP5158,0.9800,0.8847,0,238,337,340,375
208,8.320,18,MH02AUA5152,0.9800,0.7565,0,1176,184,1272,224
208,8.320,37,MH02ROS0561,0.9800,0.8238,0,706,541,773,582
209,8.360,1,MH05JAP5158,0.9800,0.8895,0,235,335,336,374
209,8.360,18,MH02AUA5152,0.9800,0.3182,0,1191,179,1279,224
209,8.360,37,MH02ROS0561,0.9800,0.8416,0,696,535,761,574
210,8.400,1,MH05JAP5158,0.9800,0.8928,0,230,333,332,373
210,8.400,24,MH01BUB2082,0.9800,0.4503,0,1089,182,1175,225
210,8.400,33,TN43BZG3212,0.9800,0.5653,0,923,467,970,501
210,8.400,37,MH02ROS0561,0.9800,0.8520,0,685,527,748,564
211,8.440,1,MH05JAP5158,0.9800,0.8760,0,225,330,328,372
211,8.440,24,MH01BUB2082,0.9800,0.5973,0,1100,177,1190,224
211,8.440,33,TN43BZG3212,0.9800,0.5048,0,918,464,967,499
211,8.440,37,MH02ROS0561,0.9800,0.7906,0,672,521,736,556
212,8.480,1,MH05JAP5158,0.9800,0.8703,0,220,330,323,370
212,8.480,24,MH01BUB2082,0.9800,0.6318,0,1109,177,1205,222
212,8.480,33,TN43BZG3212,0.9800,0.7884,0,914,463,963,497
212,8.480,37,MH02ROS0561,0.9800,0.8280,0,663,515,725,551
213,8.520,1,MH05JAP5158,0.9800,0.8742,0,217,329,320,371
213,8.520,33,TN43BZG3212,0.9800,0.3276,0,910,461,961,497
213,8.520,37,MH02ROS0561,0.9800,0.8328,0,655,509,715,544
214,8.560,1,MH05JAP5158,0.9800,0.8647,0,215,329,317,371
214,8.560,18,MH02AUA5152,0.9800,0.6699,0,1135,175,1242,221
214,8.560,33,TN43BZG3212,0.9800,0.6900,0,909,461,957,496
214,8.560,34,AP07OF0115,0.9800,0.2952,0,965,189,1027,226
214,8.560,37,MH02ROS0561,0.9800,0.8324,0,646,505,709,542
215,8.600,1,MH05JAP5158,0.9800,0.8807,0,213,329,315,372
215,8.600,18,MH02AUA5152,0.9800,0.4477,0,1151,173,1264,224
215,8.600,33,TN43BZG3212,0.9800,0.7043,0,909,464,956,497
215,8.600,37,MH02ROS0561,0.9800,0.8304,0,641,502,701,537
216,8.640,1,MH05JAP5158,0.9800,0.8692,0,213,329,314,371
216,8.640,18,MH02AUA5152,0.9800,0.6554,0,1170,172,1280,224
216,8.640,33,TN43BZG3212,0.9800,0.7146,0,909,463,955,497
216,8.640,37,MH02ROS0561,0.9800,0.8212,0,636,497,696,532
217,8.680,1,MH05JAP5158,0.9800,0.8685,0,212,329,314,371
217,8.680,18,MH02AUA5152,0.9800,0.8098,0,1191,173,1280,224
217,8.680,33,TN43BZG3212,0.9800,0.7540,0,909,463,955,497
217,8.680,37,MH02ROS0561,0.9800,0.7966,0,633,494,691,530
218,8.720,1,MH05JAP5158,0.9800,0.8686,0,212,329,314,371
218,8.720,18,MH02AUA5152,0.9800,0.6182,0,1214,176,1280,224
218,8.720,33,TN43BZG3212,0.9800,0.2730,0,909,465,957,500
218,8.720,35,MH01RIT0114,0.9800,0.3494,0,892,199,933,228
218,8.720,37,MH02ROS0561,0.9800,0.8534,0,629,491,689,528
219,8.760,1,MH05JAP5158,0.9800,0.8720,0,213,330,315,371
219,8.760,33,TN43BZG3212,0.9800,0.8002,0,911,465,957,498
219,8.760,35,MH01RIT0114,0.9800,0.3788,0,899,199,944,228
219,8.760,37,MH02ROS0561,0.9800,0.8337,0,627,488,685,522
220,8.800,1,MH05JAP5158,0.9800,0.8720,0,214,330,317,370
220,8.800,33,TN43BZG3212,0.9800,0.7922,0,913,467,960,500
220,8.800,37,MH02ROS0561,0.9800,0.8137,0,626,485,684,521
221,8.840,1,MH05JAP5158,0.9800,0.8768,0,216,332,319,372
221,8.840,33,TN43BZG3212,0.9800,0.8257,0,914,469,962,501
221,8.840,37,MH02ROS0561,0.9800,0.8057,0,626,484,683,522
222,8.880,1,MH05JAP5158,0.9800,0.8974,0,218,333,320,373
222,8.880,37,MH02ROS0561,0.9800,0.7766,0,626,483,684,519
223,8.920,1,MH05JAP5158,0.9800,0.8867,0,218,335,323,375
223,8.920,33,TN43BZG3212,0.9800,0.8254,0,921,475,966,508
223,8.920,37,MH02ROS0561,0.9800,0.7921,0,628,484,684,517
224,8.960,1,MH05JAP5158,0.9800,0.8815,0,223,336,325,375
224,8.960,37,MH02ROS0561,0.9800,0.8182,0,630,482,687,517
225,9.000,1,MH05JAP5158,0.9800,0.8836,0,225,336,329,375
225,9.000,24,MH01BUB2082,0.9800,0.2502,0,1134,185,1233,235
225,9.000,37,MH02ROS0561,0.9800,0.8172,0,633,481,689,515
226,9.040,1,MH05JAP5158,0.9800,0.8801,0,228,335,331,374
226,9.040,18,MH02AUA5152,0.9800,0.2524,0,1153,187,1257,234
226,9.040,33,TN43BZG3212,0.9800,0.6833,0,928,480,975,513
226,9.040,37,MH02ROS0561,0.9800,0.8384,0,635,478,690,512
227,9.080,1,MH05JAP5158,0.9800,0.8920,0,230,335,334,374
227,9.080,33,TN43BZG3212,0.9800,0.6565,0,931,479,977,513
227,9.080,37,MH02ROS0561,0.9800,0.8205,0,637,477,692,510
228,9.120,1,MH05JAP5158,0.9800,0.8815,0,233,335,336,374
228,9.120,33,TN43BZG3212,0.9800,0.6916,0,932,480,981,516
228,9.120,37,MH02ROS0561,0.9800,0.8253,0,640,476,695,508
229,9.160,1,MH05JAP5158,0.9800,0.8843,0,235,336,340,374
229,9.160,37,MH02ROS0561,0.9800,0.8233,0,644,477,697,508
230,9.200,1,MH05JAP5158,0.9800,0.8684,0,237,337,341,376
230,9.200,37,MH02ROS0561,0.9800,0.8110,0,646,477,700,509
231,9.240,1,MH05JAP5158,0.9800,0.8787,0,239,339,343,379
231,9.240,37,MH02ROS0561,0.9800,0.8324,0,648,478,703,510
232,9.280,1,MH05JAP5158,0.9800,0.8892,0,239,342,344,381
232,9.280,37,MH02ROS0561,0.9800,0.8397,0,652,481,706,512
233,9.320,1,MH05JAP5158,0.9800,0.8970,0,240,346,345,384
233,9.320,33,TN43BZG3212,0.9800,0.8270,0,944,495,993,528
233,9.320,37,MH02ROS0561,0.9800,0.8142,0,655,484,708,515
233,9.320,38,MH02BDB0606,0.9800,0.3037,0,1091,203,1174,248
234,9.360,1,MH05JAP5158,0.9800,0.8809,0,239,349,344,386
234,9.360,37,MH02ROS0561,0.9800,0.7899,0,656,483,710,516
235,9.400,1,MH05JAP5158,0.9800,0.8823,0,238,351,343,386
235,9.400,37,MH02ROS0561,0.9800,0.8209,0,657,486,710,516
236,9.440,1,MH05JAP5158,0.9800,0.8657,0,238,352,342,388
236,9.440,18,MH02AUA5152,0.9800,0.4290,0,1141,200,1238,249
236,9.440,33,TN43BZG3212,0.9800,0.6930,0,948,501,997,537
236,9.440,37,MH02ROS0561,0.9800,0.7914,0,658,487,711,517
236,9.440,39,TN42EE1631,0.9800,0.3782,0,989,215,1049,250
237,9.480,1,MH05JAP5158,0.9800,0.8559,0,237,353,342,391
237,9.480,18,MH02AUA5152,0.9800,0.4960,0,1159,198,1260,251
237,9.480,33,TN43BZG3212,0.9800,0.8355,0,950,502,999,538
237,9.480,37,MH02ROS0561,0.9800,0.8071,0,659,487,712,521
237,9.480,39,TN42EE1631,0.9800,0.5655,0,1001,214,1062,251
237,9.480,40,MH01GNQ4151,0.9800,0.3233,0,945,223,991,250
238,9.520,1,MH05JAP5158,0.9800,0.8790,0,236,355,342,393
238,9.520,18,MH02AUA5152,0.9800,0.3447,0,1180,194,1279,247
238,9.520,37,MH02ROS0561,0.9800,0.8067,0,660,489,713,520
238,9.520,39,TN42EE1631,0.9800,0.2526,0,1012,214,1075,250
239,9.560,1,MH05JAP5158,0.9800,0.8730,0,235,356,341,396
239,9.560,18,MH02AUA5152,0.9800,0.3981,0,1200,192,1280,250
239,9.560,37,MH02ROS0561,0.9800,0.8358,0,662,489,715,521
239,9.560,39,TN42EE1631,0.9800,0.5937,0,1024,212,1091,252
239,9.560,40,MH01GNQ4151,0.9800,0.6925,0,962,221,1012,251
240,9.600,1,MH05JAP5158,0.9800,0.8740,0,234,359,340,396
240,9.600,37,MH02ROS0561,0.9800,0.8487,0,663,491,715,521
240,9.600,39,TN42EE1631,0.9800,0.7089,0,1035,211,1106,252
240,9.600,40,MH01GNQ4151,0.9800,0.3955,0,972,220,1024,251
241,9.640,1,MH05JAP5158,0.9800,0.8741,0,232,359,340,398
241,9.640,33,TN43BZG3212,0.9800,0.8281,0,953,511,1002,546
241,9.640,37,MH02ROS0561,0.9800,0.8434,0,664,493,717,524
241,9.640,38,MH02BDB0606,0.9800,0.6365,0,1048,209,1121,253
241,9.640,40,MH01GNQ4151,0.9800,0.4151,0,983,220,1036,252
241,9.640,41,KL14AF6019,0.9800,0.3768,0,931,225,973,256
242,9.680,1,MH05JAP5158,0.9800,0.8765,0,231,360,338,399
242,9.680,33,TN43BZG3212,0.9800,0.8600,0,954,513,1005,549
242,9.680,37,MH02ROS0561,0.9800,0.8213,0,666,495,718,525
242,9.680,38,MH02BDB0606,0.9800,0.7065,0,1062,209,1139,252
242,9.680,40,MH01GNQ4151,0.9800,0.6916,0,992,220,1048,250
242,9.680,41,KL14AF6019,0.9800,0.4595,0,936,226,983,255
243,9.720,1,MH05JAP5158,0.9800,0.8756,0,229,361,336,401
243,9.720,18,MH02AUA5152,0.9800,0.5830,0,1177,204,1271,247
243,9.720,33,TN43BZG3212,0.9800,0.8486,0,954,517,1004,552
243,9.720,37,MH02ROS0561,0.9800,0.8110,0,666,497,719,527
243,9.720,38,MH02BDB0606,0.9800,0.4572,0,1077,209,1157,252
243,9.720,39,TN42EE1631,0.9800,0.5783,0,1003,220,1063,251
243,9.720,41,KL14AF6019,0.9800,0.6410,0,944,227,993,255
244,9.760,1,MH05JAP5158,0.9800,0.8727,0,228,364,334,403
244,9.760,37,MH02ROS0561,0.9800,0.7834,0,666,498,719,531
244,9.760,38,MH02BDB0606,0.9800,0.7944,0,1092,210,1176,250
244,9.760,39,TN42EE1631,0.9800,0.7607,0,1015,219,1076,251
244,9.760,41,KL14AF6019,0.9800,0.5152,0,953,226,1004,256
245,9.800,1,MH05JAP5158,0.9800,0.8934,0,225,366,332,404
245,9.800,24,MH01BUB2082,0.9800,0.5339,0,1108,206,1195,252
245,9.800,37,MH02ROS0561,0.9800,0.8411,0,666,500,720,533
245,9.800,39,TN42EE1631,0.9800,0.6142,0,1026,218,1091,251
245,9.800,40,MH01GNQ4151,0.9800,0.5193,0,962,226,1016,257
246,9.840,1,MH05JAP5158,0.9800,0.8876,0,223,367,331,407
246,9.840,18,MH02AUA5152,0.9800,0.6158,0,1123,205,1216,254
246,9.840,33,TN43BZG3212,0.9800,0.7867,0,956,523,1006,559
246,9.840,37,MH02ROS0561,0.9800,0.8160,0,666,502,720,536
246,9.840,39,TN42EE1631,0.9800,0.7714,0,1038,218,1105,251
246,9.840,40,MH01GNQ4151,0.9800,0.4535,0,972,225,1027,257
247,9.880,1,MH05JAP5158,0.9800,0.8815,0,219,368,329,409
247,9.880,18,MH02AUA5152,0.9800,0.5012,0,1138,201,1238,255
247,9.880,37,MH02ROS0561,0.9800,0.8014,0,666,507,719,537
247,9.880,40,MH01GNQ4151,0.9800,0.5532,0,981,223,1039,258
248,9.920,1,MH05JAP5158,0.9800,0.8802,0,217,371,326,410
248,9.920,18,MH02AUA5152,0.9800,0.5229,0,1157,203,1260,253
248,9.920,33,TN43BZG3212,0.9800,0.8200,0,958,529,1006,563
248,9.920,37,MH02ROS0561,0.9800,0.7846,0,666,507,720,541
248,9.920,40,MH01GNQ4151,0.9800,0.8202,0,990,222,1051,258
248,9.920,41,KL14AF6019,0.9800,0.3270,0,938,230,981,258
249,9.960,1,MH05JAP5158,0.9800,0.8706,0,215,371,324,412
249,9.960,24,MH01BUB2082,0.9800,0.5485,0,1077,214,1155,251
249,9.960,33,TN43BZG3212,0.9800,0.8389,0,958,529,1009,565
249,9.960,37,MH02ROS0561,0.9800,0.8436,0,666,509,721,541
249,9.960,39,TN42EE1631,0.9800,0.5893,0,1001,221,1064,259
249,9.960,41,KL14AF6019,0.9800,0.4397,0,948,230,991,257
250,10.000,1,MH05JAP5158,0.9800,0.8720,0,214,374,321,412
250,10.000,18,MH02AUA5152,0.9800,0.4539,0,1195,203,1279,249
250,10.000,24,MH01BUB2082,0.9800,0.7428,0,1094,214,1172,249
250,10.000,33,TN43BZG3212,0.9800,0.8512,0,960,531,1009,567
250,10.000,37,MH02ROS0561,0.9800,0.8346,0,668,510,721,543
250,10.000,39,TN42EE1631,0.9800,0.7996,0,1013,220,1079,257
251,10.040,1,MH05JAP5158,0.9800,0.8828,0,212,374,320,413
251,10.040,24,MH01BUB2082,0.9800,0.7957,0,1108,211,1195,248
251,10.040,33,TN43BZG3212,0.9800,0.8019,0,961,533,1010,567
251,10.040,37,MH02ROS0561,0.9800,0.8306,0,669,512,723,545
251,10.040,39,TN42EE1631,0.9800,0.7605,0,1025,218,1094,257
251,10.040,40,MH01GNQ4151,0.9800,0.5821,0,967,229,1014,256
252,10.080,1,MH05JAP5158,0.9800,0.8895,0,209,375,318,412
252,10.080,24,MH01BUB2082,0.9800,0.7137,0,1127,209,1217,247
252,10.080,33,TN43BZG3212,0.9800,0.8619,0,962,533,1012,568
252,10.080,37,MH02ROS0561,0.9800,0.8472,0,669,513,725,545
252,10.080,39,TN42EE1631,0.9800,0.6790,0,1038,218,1110,253
252,10.080,40,MH01GNQ4151,0.9800,0.6818,0,977,227,1027,255
253,10.120,1,MH05JAP5158,0.9800,0.8873,0,208,376,316,412
253,10.120,18,MH02AUA5152,0.9800,0.8357,0,1145,207,1238,246
253,10.120,33,TN43BZG3212,0.9800,0.8404,0,963,535,1014,568
253,10.120,37,MH02ROS0561,0.9800,0.8199,0,670,515,727,547
253,10.120,38,MH02BDB0606,0.9800,0.7469,0,1052,214,1127,254
253,10.120,40,MH01GNQ4151,0.9800,0.7512,0,988,225,1041,256
254,10.160,1,MH05JAP5158,0.9800,0.8929,0,207,376,314,413
254,10.160,18,MH02AUA5152,0.9800,0.4154,0,1166,205,1263,247
254,10.160,33,TN43BZG3212,0.9800,0.8490,0,965,535,1016,572
254,10.160,37,MH02ROS0561,0.9800,0.8199,0,673,517,728,548
254,10.160,38,MH02BDB0606,0.9800,0.7628,0,1066,210,1148,254
254,10.160,40,MH01GNQ4151,0.9800,0.8095,0,999,223,1054,256
255,10.200,1,MH05JAP5158,0.9800,0.8954,0,204,376,312,413
255,10.200,24,MH01BUB2082,0.9800,0.8171,0,1081,210,1168,253
255,10.200,33,TN43BZG3212,0.9800,0.8294,0,966,537,1019,573
255,10.200,37,MH02ROS0561,0.9800,0.8367,0,675,519,731,551
255,10.200,39,TN42EE1631,0.9800,0.7899,0,1012,222,1071,255
255,10.200,42,MH12EE01,0.9800,0.5467,0,84,354,108,366
256,10.240,1,MH05JAP5158,0.9800,0.8956,0,203,376,312,413
256,10.240,24,MH01BUB2082,0.9800,0.5570,0,1099,208,1188,253
256,10.240,33,TN43BZG3212,0.9800,0.8475,0,969,539,1020,573
256,10.240,37,MH02ROS0561,0.9800,0.8430,0,677,520,735,553
256,10.240,39,TN42EE1631,0.9800,0.6486,0,1027,221,1085,252
256,10.240,42,MH12EE01,0.9800,0.4979,0,81,353,103,365
257,10.280,1,MH05JAP5158,0.9800,0.8971,0,202,375,310,413
257,10.280,18,MH02AUA5152,0.9800,0.5278,0,1119,206,1210,251
257,10.280,33,TN43BZG3212,0.9800,0.8532,0,973,540,1024,575
257,10.280,37,MH02ROS0561,0.9800,0.7538,0,680,523,737,555
257,10.280,38,MH02BDB0606,0.9800,0.7183,0,1039,219,1103,253
257,10.280,42,MH12EE01,0.9800,0.3645,0,77,353,100,365
258,10.320,1,MH05JAP5158,0.9800,0.8864,0,201,375,310,412
258,10.320,18,MH02AUA5152,0.9800,0.3370,0,1136,204,1235,251
258,10.320,33,TN43BZG3212,0.9800,0.8628,0,975,541,1026,575
258,10.320,37,MH02ROS0561,0.9800,0.8269,0,681,524,740,557
258,10.320,38,MH02BDB0606,0.9800,0.6943,0,1053,218,1121,251
259,10.360,1,MH05JAP5158,0.9800,0.8807,0,201,373,310,411
259,10.360,18,MH02AUA5152,0.9800,0.8495,0,1155,202,1262,249
259,10.360,24,MH01BUB2082,0.9800,0.8242,0,1069,214,1139,249
259,10.360,33,TN43BZG3212,0.9800,0.8610,0,979,539,1031,573
259,10.360,37,MH02ROS0561,0.9800,0.8268,0,685,525,743,559
259,10.360,43,MH04TC7685,0.9800,0.4915,0,1080,637,1109,657
260,10.400,1,MH05JAP5158,0.9800,0.8863,0,201,372,310,409
260,10.400,18,MH02AUA5152,0.9800,0.2560,0,1179,199,1279,246
260,10.400,24,MH01BUB2082,0.9800,0.8480,0,1086,211,1162,248
260,10.400,33,TN43BZG3212,0.9800,0.8584,0,983,537,1035,572
260,10.400,37,MH02ROS0561,0.9800,0.8200,0,689,526,747,560
261,10.440,1,MH05JAP5158,0.9800,0.8849,0,202,372,311,407
261,10.440,18,MH02AUA5152,0.9800,0.7846,0,1201,196,1280,246
261,10.440,24,MH01BUB2082,0.9800,0.8424,0,1105,209,1183,245
261,10.440,33,TN43BZG3212,0.9800,0.8372,0,989,535,1041,572
261,10.440,37,MH02ROS0561,0.9800,0.8160,0,692,526,751,561
262,10.480,1,MH05JAP5158,0.9800,0.9019,0,204,369,313,406
262,10.480,24,MH01BUB2082,0.9800,0.6803,0,1126,206,1210,246
262,10.480,33,TN43BZG3212,0.9800,0.8526,0,995,534,1047,570
262,10.480,37,MH02ROS0561,0.9800,0.8509,0,697,528,757,563
263,10.520,1,MH05JAP5158,0.9800,0.8954,0,208,365,318,403
263,10.520,18,MH02AUA5152,0.9800,0.8282,0,1150,203,1237,243
263,10.520,33,TN43BZG3212,0.9800,0.8630,0,1002,532,1053,568
263,10.520,37,MH02ROS0561,0.9800,0.8343,0,703,527,763,564
264,10.560,1,MH05JAP5158,0.9800,0.8892,0,213,362,323,400
264,10.560,18,MH02AUA5152,0.9800,0.8647,0,1178,200,1270,241
264,10.560,33,TN43BZG3212,0.9800,0.8468,0,1012,531,1064,567
264,10.560,37,MH02ROS0561,0.9800,0.8271,0,711,527,773,564
265,10.600,1,MH05JAP5158,0.9800,0.8832,0,221,358,330,396
265,10.600,18,MH02AUA5152,0.9800,0.7418,0,1207,195,1280,239
265,10.600,37,MH02ROS0561,0.9800,0.8442,0,721,527,783,563
265,10.600,44,MH02BT6531,0.9800,0.3395,0,70,341,93,355
266,10.640,1,MH05JAP5158,0.9800,0.8722,0,233,352,341,391
266,10.640,33,TN43BZG3212,0.9800,0.8409,0,1039,524,1091,561
266,10.640,37,MH02ROS0561,0.9800,0.8339,0,734,525,796,562
266,10.640,44,MH02BT6531,0.9800,0.3347,0,78,337,101,349
267,10.680,1,MH05JAP5158,0.9800,0.8897,0,246,345,354,385
267,10.680,33,TN43BZG3212,0.9800,0.8379,0,1054,519,1106,555
267,10.680,37,MH02ROS0561,0.9800,0.8402,0,750,521,812,557
267,10.680,45,MH02TC2698,0.9800,0.4462,0,88,331,109,344
268,10.720,1,MH05JAP5158,0.9800,0.8897,0,259,340,368,379
268,10.720,33,TN43BZG3212,0.9800,0.8510,0,1071,514,1122,551
268,10.720,37,MH02ROS0561,0.9800,0.8168,0,765,517,828,557
268,10.720,45,MH02TC2698,0.9800,0.3240,0,99,329,120,341
269,10.760,1,MH05JAP5158,0.9800,0.8875,0,271,336,379,375
269,10.760,33,TN43BZG3212,0.9800,0.8358,0,1085,512,1137,547
269,10.760,37,MH02ROS0561,0.9800,0.8659,0,780,516,843,551
270,10.800,1,MH05JAP5158,0.9800,0.8920,0,282,332,390,372
270,10.800,33,TN43BZG3212,0.9800,0.8235,0,1096,508,1148,545
270,10.800,37,MH02ROS0561,0.9800,0.8474,0,793,514,857,551
270,10.800,46,KL02AC4228,0.9800,0.3060,0,817,471,856,490
271,10.840,1,MH05JAP5158,0.9800,0.8778,0,289,329,398,369
271,10.840,33,TN43BZG3212,0.9800,0.8325,0,1105,506,1155,543
271,10.840,37,MH02ROS0561,0.9800,0.8634,0,805,512,870,550
272,10.880,1,MH05JAP5158,0.9800,0.8841,0,293,327,402,369
272,10.880,33,TN43BZG3212,0.9800,0.8212,0,1110,504,1159,540
272,10.880,37,MH02ROS0561,0.9800,0.8410,0,814,513,878,553
273,10.920,1,MH05JAP5158,0.9800,0.8918,0,294,328,403,366
273,10.920,33,TN43BZG3212,0.9800,0.8105,0,1111,501,1159,536
273,10.920,37,MH02ROS0561,0.9800,0.8758,0,817,512,884,550
274,10.960,1,MH05JAP5158,0.9800,0.8967,0,291,325,399,366
274,10.960,33,TN43BZG3212,0.9800,0.8238,0,1106,497,1157,533
274,10.960,37,MH02ROS0561,0.9800,0.8732,0,817,512,884,549
275,11.000,1,MH05JAP5158,0.9800,0.8911,0,283,325,391,366
275,11.000,33,TN43BZG3212,0.9800,0.8329,0,1098,493,1148,529
275,11.000,37,MH02ROS0561,0.9800,0.8645,0,815,510,881,549
275,11.000,45,MH02TC2698,0.9800,0.3989,0,91,325,113,339
276,11.040,1,MH05JAP5158,0.9800,0.8883,0,275,327,383,366
276,11.040,33,TN43BZG3212,0.9800,0.8008,0,1087,488,1137,525
276,11.040,37,MH02ROS0561,0.9800,0.8643,0,811,512,877,548
277,11.080,1,MH05JAP5158,0.9800,0.8814,0,265,329,374,368
277,11.080,33,TN43BZG3212,0.9800,0.8217,0,1076,486,1127,521
277,11.080,37,MH02ROS0561,0.9800,0.8684,0,806,514,874,552
278,11.120,1,MH05JAP5158,0.9800,0.8785,0,256,330,364,370
278,11.120,37,MH02ROS0561,0.9800,0.8650,0,802,516,867,552
279,11.160,1,MH05JAP5158,0.9800,0.8870,0,245,333,353,374
279,11.160,33,TN43BZG3212,0.9800,0.8261,0,1052,481,1100,516
279,11.160,37,MH02ROS0561,0.9800,0.8411,0,795,517,863,558
280,11.200,1,MH05JAP5158,0.9800,0.8690,0,234,337,343,378
280,11.200,33,TN43BZG3212,0.9800,0.8459,0,1039,481,1089,515
280,11.200,37,MH02ROS0561,0.9800,0.8332,0,790,521,857,558
281,11.240,1,MH05JAP5158,0.9800,0.8918,0,226,340,335,382
281,11.240,33,TN43BZG3212,0.9800,0.8440,0,1028,478,1076,512
281,11.240,37,MH02ROS0561,0.9800,0.8623,0,785,523,853,561
282,11.280,1,MH05JAP5158,0.9800,0.9017,0,217,345,327,385
282,11.280,33,TN43BZG3212,0.9800,0.8483,0,1018,476,1066,510
282,11.280,37,MH02ROS0561,0.9800,0.8538,0,783,526,850,563
283,11.320,1,MH05JAP5158,0.9800,0.9070,0,212,348,321,388
283,11.320,33,TN43BZG3212,0.9800,0.8144,0,1010,475,1056,508
283,11.320,37,MH02ROS0561,0.9800,0.8670,0,782,530,847,566
283,11.320,47,MH02AU2694,0.9800,0.3897,0,578,284,603,300
284,11.360,1,MH05JAP5158,0.9800,0.8875,0,206,352,315,391
284,11.360,33,TN43BZG3212,0.9800,0.8115,0,1001,472,1049,505
284,11.360,37,MH02ROS0561,0.9800,0.8619,0,779,532,846,568
285,11.400,1,MH05JAP5158,0.9800,0.8824,0,200,356,310,396
285,11.400,33,TN43BZG3212,0.9800,0.8136,0,992,471,1040,503
285,11.400,37,MH02ROS0561,0.9800,0.8812,0,776,535,843,572
286,11.440,1,MH05JAP5158,0.9800,0.8835,0,194,358,304,401
286,11.440,33,TN43BZG3212,0.9800,0.8620,0,985,471,1030,502
286,11.440,37,MH02ROS0561,0.9800,0.8625,0,775,538,841,573
287,11.480,1,MH05JAP5158,0.9800,0.8961,0,191,363,300,403
287,11.480,33,TN43BZG3212,0.9800,0.8292,0,976,468,1020,499
287,11.480,37,MH02ROS0561,0.9800,0.8529,0,773,539,839,578
288,11.520,1,MH05JAP5158,0.9800,0.9175,0,186,368,295,406
288,11.520,33,TN43BZG3212,0.9800,0.7970,0,967,466,1012,498
288,11.520,37,MH02ROS0561,0.9800,0.8307,0,771,542,836,578
289,11.560,1,MH05JAP5158,0.9800,0.8833,0,180,371,289,411
289,11.560,33,TN43BZG3212,0.9800,0.7980,0,959,466,1004,494
289,11.560,37,MH02ROS0561,0.9800,0.8390,0,767,543,832,579
290,11.600,1,MH05JAP5158,0.9800,0.8984,0,175,375,283,415
290,11.600,33,TN43BZG3212,0.9800,0.8266,0,948,461,993,493
290,11.600,37,MH02ROS0561,0.9800,0.8559,0,763,544,828,580
290,11.600,48,MH02TC9552,0.9800,0.3868,0,548,304,573,318
291,11.640,1,MH05JAP5158,0.9800,0.8858,0,166,377,277,418
291,11.640,33,TN43BZG3212,0.9800,0.8595,0,940,460,983,490
291,11.640,37,MH02ROS0561,0.9800,0.8632,0,759,544,823,580
292,11.680,1,MH05JAP5158,0.9800,0.8857,0,159,381,269,421
292,11.680,33,TN43BZG3212,0.9800,0.8359,0,930,457,972,488
292,11.680,37,MH02ROS0561,0.9800,0.8094,0,755,544,819,581
293,11.720,1,MH05JAP5158,0.9800,0.8882,0,150,382,262,423
293,11.720,33,TN43BZG3212,0.9800,0.8191,0,920,455,962,482
293,11.720,37,MH02ROS0561,0.9800,0.8426,0,750,544,813,579
294,11.760,1,MH05JAP5158,0.9800,0.8972,0,143,383,253,423
294,11.760,33,TN43BZG3212,0.9800,0.7913,0,909,449,951,478
294,11.760,37,MH02ROS0561,0.9800,0.8367,0,744,542,807,578
295,11.800,1,MH05JAP5158,0.9800,0.9034,0,134,383,245,423
295,11.800,33,TN43BZG3212,0.9800,0.6644,0,899,446,941,471
295,11.800,37,MH02ROS0561,0.9800,0.8514,0,738,538,801,576
296,11.840,1,MH05JAP5158,0.9800,0.8936,0,124,381,236,424
296,11.840,33,TN43BZG3212,0.9800,0.7765,0,889,439,930,468
296,11.840,37,MH02ROS0561,0.9800,0.8476,0,731,535,796,574
297,11.880,1,MH05JAP5158,0.9800,0.8991,0,114,381,226,425
297,11.880,33,TN43BZG3212,0.9800,0.3314,0,878,436,918,462
297,11.880,37,MH02ROS0561,0.9800,0.8247,0,723,534,788,570
297,11.880,49,MH01FT9693,0.9800,0.2909,0,1097,641,1124,656
298,11.920,1,MH05JAP5158,0.9800,0.8755,0,103,379,215,425
298,11.920,33,TN43BZG3212,0.9800,0.6856,0,868,431,908,458
298,11.920,37,MH02ROS0561,0.9800,0.8358,0,716,532,779,567
299,11.960,1,MH05JAP5158,0.9800,0.8932,0,91,377,204,424
299,11.960,33,TN43BZG3212,0.9800,0.6857,0,856,425,895,453
299,11.960,37,MH02ROS0561,0.9800,0.8348,0,708,527,771,564
300,12.000,1,MH05JAP5158,0.9800,0.8858,0,80,374,194,423
300,12.000,33,TN43BZG3212,0.9800,0.5915,0,847,419,885,447
300,12.000,37,MH02ROS0561,0.9800,0.8483,0,699,522,763,558
301,12.040,1,MH05JAP5158,0.9800,0.8948,0,68,373,181,420
301,12.040,33,TN43BZG3212,0.9800,0.5526,0,836,414,873,439
301,12.040,37,MH02ROS0561,0.9800,0.8509,0,691,517,754,553
302,12.080,1,MH05JAP5158,0.9800,0.8936,0,54,371,169,418
302,12.080,37,MH02ROS0561,0.9800,0.8633,0,683,512,746,547
303,12.120,1,MH05JAP5158,0.9800,0.9010,0,44,369,159,416
303,12.120,37,MH02ROS0561,0.9800,0.8670,0,676,507,738,542
303,12.120,50,TN02AN6828,0.9800,0.5415,0,816,403,854,427
304,12.160,1,MH05JAP5158,0.9800,0.9170,0,32,367,148,416
304,12.160,37,MH02ROS0561,0.9800,0.8562,0,670,503,733,541
304,12.160,50,TN02AN6828,0.9800,0.6332,0,807,396,843,422
305,12.200,1,MH05JAP5158,0.9800,0.9116,0,23,368,139,417
305,12.200,37,MH02ROS0561,0.9800,0.8363,0,666,502,728,539
305,12.200,50,TN02AN6828,0.9800,0.7578,0,803,393,840,418
306,12.240,1,MH05JAP5158,0.9800,0.9124,0,17,368,134,417
306,12.240,37,MH02ROS0561,0.9800,0.8123,0,664,500,726,539
306,12.240,50,TN02AN6828,0.9800,0.3264,0,798,392,833,416
307,12.280,1,MH05JAP5158,0.9800,0.9025,0,15,369,130,417
307,12.280,37,MH02ROS0561,0.9800,0.8378,0,665,500,727,539
308,12.320,1,MH05JAP5158,0.9800,0.9090,0,10,369,128,417
308,12.320,37,MH02ROS0561,0.9800,0.8193,0,668,500,730,540
308,12.320,50,TN02AN6828,0.9800,0.6462,0,797,390,833,415
309,12.360,1,MH05JAP5158,0.9800,0.9009,0,9,369,128,417
309,12.360,37,MH02ROS0561,0.9800,0.8126,0,670,502,733,539
309,12.360,50,TN02AN6828,0.9800,0.3259,0,798,389,834,414
310,12.400,1,MH05JAP5158,0.9800,0.9053,0,9,368,128,417
310,12.400,37,MH02ROS0561,0.9800,0.8215,0,676,500,739,540
311,12.440,1,MH05JAP5158,0.9800,0.9163,0,12,367,129,416
311,12.440,37,MH02ROS0561,0.9800,0.8370,0,682,501,747,541
311,12.440,50,TN02AN6828,0.9800,0.6745,0,807,386,843,411
312,12.480,1,MH05JAP5158,0.9800,0.9094,0,14,368,131,417
312,12.480,37,MH02ROS0561,0.9800,0.8363,0,689,503,755,543
313,12.520,1,MH05JAP5158,0.9800,0.9032,0,15,369,133,418
313,12.520,37,MH02ROS0561,0.9800,0.8411,0,698,506,761,544
313,12.520,50,TN02AN6828,0.9800,0.4385,0,818,386,852,410
314,12.560,1,MH05JAP5158,0.9800,0.9062,0,16,371,134,418
314,12.560,37,MH02ROS0561,0.9800,0.7942,0,705,510,769,546
315,12.600,1,MH05JAP5158,0.9800,0.9028,0,15,372,134,423
315,12.600,37,MH02ROS0561,0.9800,0.8469,0,711,512,776,551
316,12.640,1,MH05JAP5158,0.9800,0.9237,0,15,376,133,424
316,12.640,37,MH02ROS0561,0.9800,0.8454,0,719,515,784,553
316,12.640,50,TN02AN6828,0.9800,0.3683,0,830,388,867,413
317,12.680,1,MH05JAP5158,0.9800,0.9050,0,12,379,132,428
317,12.680,37,MH02ROS0561,0.9800,0.8256,0,724,519,790,559
317,12.680,50,TN02AN6828,0.9800,0.6618,0,837,391,871,414
318,12.720,1,MH05JAP5158,0.9800,0.9018,0,10,382,130,432
318,12.720,37,MH02ROS0561,0.9800,0.8536,0,732,527,798,564
319,12.760,1,MH05JAP5158,0.9800,0.9115,0,6,386,128,436
319,12.760,37,MH02ROS0561,0.9800,0.8594,0,739,531,806,569
319,12.760,50,TN02AN6828,0.9800,0.2853,0,846,395,881,416
320,12.800,1,MH05JAP5158,0.9800,0.8898,0,4,389,125,442
320,12.800,37,MH02ROS0561,0.9800,0.8533,0,745,537,813,575
321,12.840,1,MH05JAP5158,0.9800,0.8887,0,0,393,122,446
321,12.840,37,MH02ROS0561,0.9800,0.8601,0,754,543,823,583
321,12.840,50,TN02AN6828,0.9800,0.3398,0,855,402,891,425
321,12.840,51,MH02RZ6111,0.9800,0.5540,0,1054,628,1081,642
321,12.840,52,MH14RI4321,0.9800,0.4882,0,503,289,522,302
322,12.880,1,MH05JAP5158,0.9800,0.9085,0,0,398,118,447
322,12.880,37,MH02ROS0561,0.9800,0.8379,0,762,549,832,588
322,12.880,52,MH14RI4321,0.9800,0.4410,0,503,292,527,305
323,12.920,1,MH05JAP5158,0.9800,0.8732,0,0,399,115,456
323,12.920,37,MH02ROS0561,0.9800,0.8259,0,771,554,841,596
323,12.920,53,KL01GN4601,0.9800,0.5061,0,1061,637,1084,647
324,12.960,1,MH05JAP5158,0.9800,0.8853,0,0,404,111,455
324,12.960,37,MH02ROS0561,0.9800,0.8429,0,781,562,851,601
324,12.960,50,TN02AN6828,0.9800,0.6630,0,871,407,906,431
324,12.960,52,MH14RI4321,0.9800,0.3840,0,511,293,533,306
325,13.000,1,MH05JAP5158,0.9800,0.9018,0,0,407,106,460
325,13.000,37,MH02ROS0561,0.9800,0.8549,0,791,568,862,607
326,13.040,1,MH05JAP5158,0.9800,0.8988,0,0,408,102,464
326,13.040,37,MH02ROS0561,0.9800,0.8708,0,800,573,872,611
326,13.040,54,MH14HM0466,0.9800,0.3202,0,1069,649,1093,659
327,13.080,1,MH05JAP5158,0.9800,0.8999,0,0,409,98,468
327,13.080,37,MH02ROS0561,0.9800,0.8722,0,812,575,884,616
327,13.080,50,TN02AN6828,0.9800,0.4867,0,888,414,923,435
327,13.080,52,MH14RI4321,0.9800,0.2553,0,515,298,543,312
328,13.120,1,MH05JAP5158,0.9800,0.8692,0,0,410,94,473
328,13.120,37,MH02ROS0561,0.9800,0.8590,0,821,582,894,620
328,13.120,50,TN02AN6828,0.9800,0.3986,0,892,415,927,436
328,13.120,52,MH14RI4321,0.9800,0.5916,0,524,299,545,312
329,13.160,1,MH05JAP5158,0.9800,0.8788,0,0,414,88,470
329,13.160,37,MH02ROS0561,0.9800,0.8454,0,830,584,906,625
329,13.160,52,MH14RI4321,0.9800,0.4493,0,526,299,547,311
330,13.200,37,MH02ROS0561,0.9800,0.8460,0,840,584,915,627
331,13.240,37,MH02ROS0561,0.9800,0.8550,0,848,584,925,630
332,13.280,37,MH02ROS0561,0.9800,0.8273,0,858,588,933,634
332,13.280,52,MH14RI4321,0.9800,0.2689,0,529,295,548,308
332,13.280,55,MH01AM6698,0.9800,0.6514,0,696,338,725,356
333,13.320,37,MH02ROS0561,0.9800,0.8637,0,868,590,943,632
333,13.320,52,MH14RI4321,0.9800,0.2865,0,528,295,549,308
333,13.320,55,MH01AM6698,0.9800,0.6962,0,697,338,726,356
334,13.360,37,MH02ROS0561,0.9800,0.8448,0,877,592,951,634
334,13.360,52,MH14RI4321,0.9800,0.2680,0,529,295,551,308
334,13.360,55,MH01AM6698,0.9800,0.6569,0,698,339,728,357
334,13.360,56,MH02AM6598,0.9800,0.3564,0,1083,656,1107,665
335,13.400,37,MH02ROS0561,0.9800,0.8516,0,886,592,962,636
335,13.400,52,MH14RI4321,0.9800,0.3169,0,529,295,552,308
335,13.400,55,MH01AM6698,0.9800,0.7173,0,700,341,731,358
336,13.440,37,MH02ROS0561,0.9800,0.8188,0,895,596,972,642
336,13.440,52,MH14RI4321,0.9800,0.4982,0,532,295,552,308
336,13.440,55,MH01AM6698,0.9800,0.6201,0,705,340,736,359
337,13.480,37,MH02ROS0561,0.9800,0.8160,0,908,598,983,641
337,13.480,52,MH14RI4321,0.9800,0.6413,0,534,295,555,309
337,13.480,55,MH01AM6698,0.9800,0.7285,0,708,342,740,360
338,13.520,37,MH02ROS0561,0.9800,0.8117,0,920,601,995,646
338,13.520,52,MH14RI4321,0.9800,0.5412,0,537,295,559,309
338,13.520,55,MH01AM6698,0.9800,0.6857,0,710,342,743,361
339,13.560,37,MH02ROS0561,0.9800,0.8285,0,933,603,1008,647
339,13.560,55,MH01AM6698,0.9800,0.5351,0,715,342,749,361
340,13.600,37,MH02ROS0561,0.9800,0.8375,0,946,605,1020,649
340,13.600,52,MH14RI4321,0.9800,0.6666,0,546,295,566,309
341,13.640,37,MH02ROS0561,0.9800,0.8738,0,958,608,1032,651
341,13.640,52,MH14RI4321,0.9800,0.3616,0,548,299,568,311
341,13.640,55,MH01AM6698,0.9800,0.4056,0,723,344,756,364
342,13.680,37,MH02ROS0561,0.9800,0.8454,0,969,611,1042,655
342,13.680,55,MH01AM6698,0.9800,0.7127,0,727,347,761,367
343,13.720,37,MH02ROS0561,0.9800,0.8500,0,979,614,1052,659
343,13.720,55,MH01AM6698,0.9800,0.6542,0,730,348,765,368
344,13.760,37,MH02ROS0561,0.9800,0.6809,0,987,615,1056,660
344,13.760,55,MH01AM6698,0.9800,0.7339,0,731,351,764,369
345,13.800,37,MH02ROS0561,0.9800,0.4934,0,995,618,1059,664
345,13.800,55,MH01AM6698,0.9800,0.7734,0,729,351,769,372
346,13.840,55,MH01AM6698,0.9800,0.7715,0,728,353,767,373
346,13.840,57,MH02MH6070,0.9800,0.5272,0,1069,293,1179,364
346,13.840,58,MH04TC4461,0.9800,0.4189,0,1114,665,1138,675
347,13.880,55,MH01AM6698,0.9800,0.7103,0,727,356,759,374
347,13.880,57,MH02MH6070,0.9800,0.5009,0,1083,294,1192,367
348,13.920,55,MH01AM6698,0.9800,0.6423,0,724,356,764,377
349,13.960,55,MH01AM6698,0.9800,0.6974,0,721,357,765,379
349,13.960,59,MH01TC6026,0.9800,0.5752,0,538,308,559,321
350,14.000,55,MH01AM6698,0.9800,0.7068,0,720,359,763,380
350,14.000,59,MH01TC6026,0.9800,0.4553,0,536,308,557,322
351,14.040,55,MH01AM6698,0.9800,0.7686,0,719,361,764,382
351,14.040,57,MH02MH6070,0.9800,0.7827,0,1131,303,1270,387
351,14.040,59,MH01TC6026,0.9800,0.5062,0,532,310,555,323
352,14.080,55,MH01AM6698,0.9800,0.7916,0,719,363,763,383
352,14.080,57,MH02MH6070,0.9800,0.7351,0,1146,307,1280,389
352,14.080,59,MH01TC6026,0.9800,0.4924,0,529,311,553,325
353,14.120,55,MH01AM6698,0.9800,0.7228,0,718,364,765,383
354,14.160,55,MH01AM6698,0.9800,0.6212,0,716,363,765,384
354,14.160,59,MH01TC6026,0.9800,0.7484,0,522,311,547,327
355,14.200,1,MH05JAP5158,0.9800,0.6312,0,36,408,118,453
355,14.200,55,MH01AM6698,0.9800,0.7651,0,714,362,764,383
355,14.200,59,MH01TC6026,0.9800,0.7035,0,521,311,544,325
356,14.240,1,MH05JAP5158,0.9800,0.2751,0,7,417,92,464
356,14.240,55,MH01AM6698,0.9800,0.7676,0,713,360,764,384
356,14.240,59,MH01TC6026,0.9800,0.7584,0,514,310,543,326
357,14.280,55,MH01AM6698,0.9800,0.7614,0,711,361,762,384
357,14.280,59,MH01TC6026,0.9800,0.7105,0,513,310,540,325
358,14.320,55,MH01AM6698,0.9800,0.7895,0,710,361,764,386
358,14.320,59,MH01TC6026,0.9800,0.6454,0,510,310,536,325
359,14.360,55,MH01AM6698,0.9800,0.7917,0,710,361,764,386
359,14.360,59,MH01TC6026,0.9800,0.6346,0,505,311,534,325
360,14.400,55,MH01AM6698,0.9800,0.7703,0,710,360,763,386
360,14.400,59,MH01TC6026,0.9800,0.6469,0,504,311,533,326
361,14.440,55,MH01AM6698,0.9800,0.7409,0,710,360,765,385
361,14.440,59,MH01TC6026,0.9800,0.7321,0,501,309,532,324
362,14.480,55,MH01AM6698,0.9800,0.7758,0,710,359,766,382
362,14.480,59,MH01TC6026,0.9800,0.7210,0,499,308,529,324
363,14.520,55,MH01AM6698,0.9800,0.7766,0,711,358,766,380
363,14.520,59,MH01TC6026,0.9800,0.7065,0,497,307,527,324
364,14.560,55,MH01AM6698,0.9800,0.6784,0,712,358,768,380
364,14.560,59,MH01TC6026,0.9800,0.7309,0,491,306,525,324
364,14.560,60,MH01MW6697,0.9800,0.3738,0,1083,662,1106,673
365,14.600,55,MH01AM6698,0.9800,0.7377,0,712,357,769,379
365,14.600,56,MH02AM6598,0.9800,0.4189,0,1081,661,1106,671
365,14.600,59,MH01TC6026,0.9800,0.7255,0,488,306,524,324
366,14.640,55,MH01AM6698,0.9800,0.7812,0,712,359,770,382
366,14.640,56,MH02AM6598,0.9800,0.4323,0,1078,659,1102,672
366,14.640,59,MH01TC6026,0.9800,0.7859,0,484,307,522,324
367,14.680,55,MH01AM6698,0.9800,0.7141,0,708,360,772,384
367,14.680,59,MH01TC6026,0.9800,0.7702,0,480,310,519,326
368,14.720,55,MH01AM6698,0.9800,0.7727,0,706,361,773,387
368,14.720,59,MH01TC6026,0.9800,0.7529,0,476,314,517,329
368,14.720,61,MH02ABB5544,0.9800,0.6693,0,1016,542,1072,578
369,14.760,55,MH01AM6698,0.9800,0.7144,0,704,362,771,387
369,14.760,59,MH01TC6026,0.9800,0.7678,0,469,315,511,332
369,14.760,61,MH02ABB5544,0.9800,0.7860,0,1014,539,1069,575
370,14.800,55,MH01AM6698,0.9800,0.6049,0,701,363,773,390
370,14.800,59,MH01TC6026,0.9800,0.7725,0,467,317,511,333
370,14.800,61,MH02ABB5544,0.9800,0.3015,0,1011,534,1066,571
371,14.840,55,MH01AM6698,0.9800,0.6798,0,701,365,769,390
371,14.840,59,MH01TC6026,0.9800,0.7850,0,461,317,508,335
371,14.840,61,MH02ABB5544,0.9800,0.7907,0,1008,532,1064,568
372,14.880,55,MH01AM6698,0.9800,0.7311,0,698,364,769,391
372,14.880,59,MH01TC6026,0.9800,0.7678,0,457,320,503,336
372,14.880,61,MH02ABB5544,0.9800,0.8394,0,1006,528,1060,562
373,14.920,55,MH01AM6698,0.9800,0.7753,0,697,363,769,392
373,14.920,59,MH01TC6026,0.9800,0.7735,0,452,319,501,336
373,14.920,61,MH02ABB5544,0.9800,0.8290,0,1001,523,1054,556
374,14.960,55,MH01AM6698,0.9800,0.4340,0,702,366,759,384
374,14.960,59,MH01TC6026,0.9800,0.7455,0,448,320,494,335
374,14.960,61,MH02ABB5544,0.9800,0.8516,0,997,515,1051,551
374,14.960,62,KA04AM3082,0.9800,0.3368,0,626,436,681,469
375,15.000,55,MH01AM6698,0.9800,0.5778,0,700,364,761,383
375,15.000,59,MH01TC6026,0.9800,0.7729,0,442,318,490,334
375,15.000,61,MH02ABB5544,0.9800,0.7849,0,990,510,1044,544
375,15.000,62,KA04AM3082,0.9800,0.4153,0,622,437,678,468
375,15.000,63,MH47R7098,0.9800,0.4218,0,1083,678,1105,691
376,15.040,55,MH01AM6698,0.9800,0.8115,0,698,362,762,382
376,15.040,59,MH01TC6026,0.9800,0.8028,0,436,317,483,334
376,15.040,61,MH02ABB5544,0.9800,0.8025,0,985,503,1037,537
377,15.080,55,MH01AM6698,0.9800,0.7308,0,694,360,752,379
377,15.080,59,MH01TC6026,0.9800,0.7766,0,428,315,476,333
377,15.080,61,MH02ABB5544,0.9800,0.8034,0,978,496,1030,530
378,15.120,55,MH01AM6698,0.9800,0.7117,0,690,357,753,377
378,15.120,59,MH01TC6026,0.9800,0.7748,0,420,315,468,332
378,15.120,61,MH02ABB5544,0.9800,0.8096,0,971,489,1022,522
378,15.120,63,MH47R7098,0.9800,0.2694,0,1077,669,1103,684
379,15.160,55,MH01AM6698,0.9800,0.4897,0,684,352,752,372
379,15.160,59,MH01TC6026,0.9800,0.7962,0,412,311,460,329
379,15.160,61,MH02ABB5544,0.9800,0.8321,0,963,480,1014,514
380,15.200,55,MH01AM6698,0.9800,0.7844,0,680,349,743,370
380,15.200,59,MH01TC6026,0.9800,0.7926,0,405,311,450,328
380,15.200,61,MH02ABB5544,0.9800,0.8161,0,955,472,1006,504
380,15.200,64,KA04KAV0926,0.9800,0.3159,0,586,419,642,454
381,15.240,55,MH01AM6698,0.9800,0.7079,0,674,347,735,366
381,15.240,59,MH01TC6026,0.9800,0.8016,0,396,307,446,327
381,15.240,61,MH02ABB5544,0.9800,0.8110,0,949,465,1000,497
382,15.280,55,MH01AM6698,0.9800,0.6799,0,672,342,737,365
382,15.280,59,MH01TC6026,0.9800,0.7801,0,390,307,441,325
382,15.280,61,MH02ABB5544,0.9800,0.8082,0,945,457,994,490
383,15.320,55,MH01AM6698,0.9800,0.7486,0,675,342,737,362
383,15.320,59,MH01TC6026,0.9800,0.8101,0,385,306,437,325
383,15.320,61,MH02ABB5544,0.9800,0.7438,0,942,450,990,483
383,15.320,65,MH02EU6722,0.9800,0.2689,0,1074,640,1099,653
384,15.360,55,MH01AM6698,0.9800,0.7813,0,674,340,740,361
384,15.360,59,MH01TC6026,0.9800,0.8046,0,382,306,435,327
384,15.360,61,MH02ABB5544,0.9800,0.8504,0,939,447,987,479
384,15.360,65,MH02EU6722,0.9800,0.4907,0,1076,635,1102,648
385,15.400,55,MH01AM6698,0.9800,0.7998,0,675,341,736,360
385,15.400,59,MH01TC6026,0.9800,0.7747,0,380,310,431,327
385,15.400,61,MH02ABB5544,0.9800,0.7497,0,938,446,987,475
385,15.400,65,MH02EU6722,0.9800,0.3649,0,1079,637,1105,650
386,15.440,55,MH01AM6698,0.9800,0.7749,0,674,341,740,363
386,15.440,59,MH01TC6026,0.9800,0.7866,0,378,311,430,331
386,15.440,61,MH02ABB5544,0.9800,0.7712,0,937,444,985,475
386,15.440,65,MH02EU6722,0.9800,0.3226,0,1086,636,1112,649
387,15.480,55,MH01AM6698,0.9800,0.7286,0,678,342,746,369
387,15.480,59,MH01TC6026,0.9800,0.8026,0,376,315,431,334
387,15.480,61,MH02ABB5544,0.9800,0.4685,0,939,445,987,475
387,15.480,65,MH02EU6722,0.9800,0.4493,0,1092,637,1119,650
388,15.520,55,MH01AM6698,0.9800,0.7463,0,680,346,744,368
388,15.520,59,MH01TC6026,0.9800,0.8076,0,376,317,428,336
388,15.520,61,MH02ABB5544,0.9800,0.6187,0,941,445,987,475
388,15.520,66,TN12TC2661,0.9800,0.4674,0,1098,645,1124,658
389,15.560,55,MH01AM6698,0.9800,0.6896,0,685,348,751,370
389,15.560,59,MH01TC6026,0.9800,0.8077,0,376,320,429,340
389,15.560,61,MH02ABB5544,0.9800,0.6258,0,942,445,986,476
389,15.560,66,TN12TC2661,0.9800,0.3126,0,1108,646,1136,662
390,15.600,55,MH01AM6698,0.9800,0.7513,0,687,348,753,373
390,15.600,59,MH01TC6026,0.9800,0.7956,0,374,321,433,341
390,15.600,61,MH02ABB5544,0.9800,0.4659,0,943,445,989,474
391,15.640,55,MH01AM6698,0.9800,0.7875,0,691,350,755,373
391,15.640,59,MH01TC6026,0.9800,0.8082,0,369,324,425,343
391,15.640,61,MH02ABB5544,0.9800,0.4043,0,943,446,989,474
392,15.680,55,MH01AM6698,0.9800,0.7649,0,693,353,756,374
392,15.680,59,MH01TC6026,0.9800,0.7968,0,367,326,423,346
392,15.680,61,MH02ABB5544,0.9800,0.4621,0,944,446,988,473
392,15.680,67,TN47TV6997,0.9800,0.5685,0,1139,656,1162,669
393,15.720,55,MH01AM6698,0.9800,0.6406,0,689,354,756,375
393,15.720,59,MH01TC6026,0.9800,0.8098,0,362,326,420,347
393,15.720,61,MH02ABB5544,0.9800,0.7887,0,942,446,985,474
394,15.760,55,MH01AM6698,0.9800,0.5740,0,687,353,762,377
394,15.760,59,MH01TC6026,0.9800,0.7999,0,357,328,416,350
394,15.760,61,MH02ABB5544,0.9800,0.5044,0,940,446,985,473
395,15.800,55,MH01AM6698,0.9800,0.6665,0,687,355,756,377
395,15.800,59,MH01TC6026,0.9800,0.8175,0,351,331,409,352
395,15.800,61,MH02ABB5544,0.9800,0.7107,0,937,446,982,472
396,15.840,55,MH01AM6698,0.9800,0.7182,0,686,355,753,378
396,15.840,59,MH01TC6026,0.9800,0.8213,0,343,331,404,354
396,15.840,61,MH02ABB5544,0.9800,0.7632,0,935,446,981,473
397,15.880,55,MH01AM6698,0.9800,0.7773,0,686,355,758,379
397,15.880,59,MH01TC6026,0.9800,0.8386,0,334,334,395,356
397,15.880,61,MH02ABB5544,0.9800,0.7938,0,933,444,978,471
398,15.920,55,MH01AM6698,0.9800,0.7658,0,685,356,753,379
398,15.920,59,MH01TC6026,0.9800,0.8171,0,326,336,389,359
398,15.920,61,MH02ABB5544,0.9800,0.7756,0,931,443,975,472
399,15.960,55,MH01AM6698,0.9800,0.7601,0,683,357,752,379
399,15.960,59,MH01TC6026,0.9800,0.8090,0,317,339,382,362
399,15.960,61,MH02ABB5544,0.9800,0.7880,0,927,443,971,471
400,16.000,55,MH01AM6698,0.9800,0.7722,0,676,357,754,381
400,16.000,59,MH01TC6026,0.9800,0.8580,0,308,341,373,365
400,16.000,61,MH02ABB5544,0.9800,0.7874,0,924,443,969,471
401,16.040,55,MH01AM6698,0.9800,0.6919,0,681,360,752,384
401,16.040,59,MH01TC6026,0.9800,0.8167,0,299,346,366,368
401,16.040,61,MH02ABB5544,0.9800,0.7736,0,923,445,968,472
401,16.040,68,MH01ROI8111,0.9800,0.7359,0,1010,268,1059,296
402,16.080,55,MH01AM6698,0.9800,0.7815,0,685,361,759,387
402,16.080,59,MH01TC6026,0.9800,0.8461,0,291,349,358,372
402,16.080,61,MH02ABB5544,0.9800,0.4824,0,922,446,967,471
403,16.120,55,MH01AM6698,0.9800,0.7900,0,681,363,761,390
403,16.120,59,MH01TC6026,0.9800,0.8485,0,281,351,350,377
404,16.160,55,MH01AM6698,0.9800,0.7423,0,684,369,752,389
404,16.160,59,MH01TC6026,0.9800,0.8147,0,271,356,341,381
405,16.200,55,MH01AM6698,0.9800,0.6719,0,687,370,757,394
405,16.200,59,MH01TC6026,0.9800,0.8498,0,259,359,330,384
405,16.200,61,MH02ABB5544,0.9800,0.3222,0,917,446,963,476
405,16.200,69,MH01MGO7561,0.9800,0.3455,0,965,290,1096,374
406,16.240,55,MH01AM6698,0.9800,0.6180,0,684,373,763,398
406,16.240,59,MH01TC6026,0.9800,0.8510,0,247,361,321,391
406,16.240,61,MH02ABB5544,0.9800,0.4340,0,917,448,961,478
407,16.280,55,MH01AM6698,0.9800,0.7893,0,683,378,757,400
407,16.280,59,MH01TC6026,0.9800,0.8529,0,234,367,310,394
407,16.280,61,MH02ABB5544,0.9800,0.6298,0,918,449,962,478
408,16.320,55,MH01AM6698,0.9800,0.6865,0,682,381,761,404
408,16.320,59,MH01TC6026,0.9800,0.8617,0,221,371,298,401
408,16.320,70,MH04DW0556,0.9800,0.7846,0,1079,285,1144,318
409,16.360,55,MH01AM6698,0.9800,0.7724,0,688,383,774,407
409,16.360,59,MH01TC6026,0.9800,0.8557,0,208,375,288,406
409,16.360,61,MH02ABB5544,0.9800,0.5610,0,921,455,966,481
409,16.360,69,MH01MGO7561,0.9800,0.3542,0,995,298,1142,405
410,16.400,55,MH01AM6698,0.9800,0.7849,0,683,388,757,412
410,16.400,59,MH01TC6026,0.9800,0.8521,0,192,381,274,411
410,16.400,70,MH04DW0556,0.9800,0.4834,0,1100,288,1172,327
411,16.440,55,MH01AM6698,0.9800,0.7141,0,687,392,761,415
411,16.440,59,MH01TC6026,0.9800,0.8693,0,177,385,261,417
411,16.440,61,MH02ABB5544,0.9800,0.4986,0,927,462,970,490
411,16.440,70,MH04DW0556,0.9800,0.5058,0,1110,293,1186,329
411,16.440,71,TN47RIS6699,0.9800,0.3703,0,994,286,1046,313
412,16.480,55,MH01AM6698,0.9800,0.8230,0,681,395,763,422
412,16.480,59,MH01TC6026,0.9800,0.8722,0,162,390,246,421
412,16.480,70,MH04DW0556,0.9800,0.2513,0,1123,295,1199,335
413,16.520,55,MH01AM6698,0.9800,0.8263,0,679,399,762,427
413,16.520,59,MH01TC6026,0.9800,0.8680,0,144,395,229,427
413,16.520,61,MH02ABB5544,0.9800,0.6202,0,934,468,980,499
414,16.560,55,MH01AM6698,0.9800,0.8229,0,679,403,762,431
414,16.560,59,MH01TC6026,0.9800,0.8605,0,123,400,211,434
414,16.560,61,MH02ABB5544,0.9800,0.7331,0,937,473,983,504
415,16.600,55,MH01AM6698,0.9800,0.8558,0,676,405,762,437
415,16.600,59,MH01TC6026,0.9800,0.8732,0,102,403,193,442
415,16.600,61,MH02ABB5544,0.9800,0.4718,0,942,477,987,510
416,16.640,55,MH01AM6698,0.9800,0.8432,0,669,409,760,441
416,16.640,59,MH01TC6026,0.9800,0.8792,0,79,412,171,446
416,16.640,70,MH04DW0556,0.9800,0.3903,0,1147,301,1248,343
417,16.680,55,MH01AM6698,0.9800,0.8415,0,666,413,756,447
417,16.680,59,MH01TC6026,0.9800,0.8675,0,55,416,149,456
418,16.720,55,MH01AM6698,0.9800,0.8446,0,658,415,751,451
418,16.720,59,MH01TC6026,0.9800,0.8810,0,27,424,124,462
418,16.720,70,MH04DW0556,0.9800,0.6714,0,1171,301,1266,347
419,16.760,55,MH01AM6698,0.9800,0.8365,0,657,419,744,452
419,16.760,59,MH01TC6026,0.9800,0.8932,0,0,430,95,472
419,16.760,70,MH04DW0556,0.9800,0.3994,0,1169,300,1271,347
420,16.800,55,MH01AM6698,0.9800,0.8434,0,648,423,739,459
420,16.800,59,MH01TC6026,0.9800,0.8635,0,0,438,66,480
421,16.840,55,MH01AM6698,0.9800,0.8600,0,635,425,730,462
421,16.840,70,MH04DW0556,0.9800,0.7704,0,1170,294,1275,346
422,16.880,55,MH01AM6698,0.9800,0.8725,0,622,429,719,468
422,16.880,70,MH04DW0556,0.9800,0.3599,0,1161,291,1268,345
423,16.920,55,MH01AM6698,0.9800,0.8698,0,603,432,704,472
423,16.920,70,MH04DW0556,0.9800,0.8120,0,1154,293,1262,341
424,16.960,55,MH01AM6698,0.9800,0.8668,0,581,435,688,474
424,16.960,70,MH04DW0556,0.9800,0.3238,0,1109,287,1253,341
425,17.000,55,MH01AM6698,0.9800,0.8829,0,543,438,648,479
426,17.040,55,MH01AM6698,0.9800,0.8893,0,517,440,626,484
427,17.080,55,MH01AM6698,0.9800,0.8931,0,494,441,605,490
428,17.120,55,MH01AM6698,0.9800,0.8949,0,469,446,584,496
428,17.120,70,MH04DW0556,0.9800,0.3784,0,1051,279,1173,329
429,17.160,55,MH01AM6698,0.9800,0.9153,0,443,450,561,503
429,17.160,70,MH04DW0556,0.9800,0.7756,0,1039,277,1152,327
430,17.200,55,MH01AM6698,0.9800,0.9251,0,415,456,537,512
430,17.200,70,MH04DW0556,0.9800,0.7724,0,1014,275,1129,326
431,17.240,55,MH01AM6698,0.9800,0.9255,0,386,460,511,520
431,17.240,70,MH04DW0556,0.9800,0.7019,0,989,272,1105,323
432,17.280,55,MH01AM6698,0.9800,0.9105,0,354,466,485,530
432,17.280,68,MH01ROI8111,0.9800,0.5232,0,962,267,1082,323
433,17.320,55,MH01AM6698,0.9800,0.9153,0,325,468,460,534
433,17.320,68,MH01ROI8111,0.9800,0.8105,0,940,270,1058,319
434,17.360,55,MH01AM6698,0.9800,0.9096,0,298,472,433,536
434,17.360,68,MH01ROI8111,0.9800,0.5273,0,918,265,1031,318
435,17.400,55,MH01AM6698,0.9800,0.8998,0,268,474,408,539
435,17.400,68,MH01ROI8111,0.9800,0.6636,0,893,261,1009,318
436,17.440,55,MH01AM6698,0.9800,0.8896,0,244,476,385,540
436,17.440,68,MH01ROI8111,0.9800,0.4379,0,841,256,988,317
437,17.480,55,MH01AM6698,0.9800,0.9040,0,236,476,363,544
438,17.520,55,MH01AM6698,0.9800,0.8932,0,206,475,340,551
438,17.520,68,MH01ROI8111,0.9800,0.6627,0,826,256,946,310
439,17.560,55,MH01AM6698,0.9800,0.9159,0,183,476,317,556
440,17.600,55,MH01AM6698,0.9800,0.9326,0,147,475,296,566
441,17.640,55,MH01AM6698,0.9800,0.9364,0,115,474,275,570
441,17.640,68,MH01ROI8111,0.9800,0.7635,0,771,248,887,297
442,17.680,55,MH01AM6698,0.9800,0.9355,0,92,473,256,573
443,17.720,55,MH01AM6698,0.9800,0.9383,0,73,471,238,575
443,17.720,68,MH01ROI8111,0.9800,0.3473,0,735,234,856,291
444,17.760,55,MH01AM6698,0.9800,0.9340,0,54,470,224,579
444,17.760,72,MH02TCS9766,0.9800,0.2552,0,533,234,882,373
445,17.800,55,MH01AM6698,0.9800,0.9291,0,37,470,210,581
446,17.840,55,MH01AM6698,0.9800,0.9322,0,22,471,198,590
447,17.880,55,MH01AM6698,0.9800,0.9348,0,13,470,189,591
448,17.920,55,MH01AM6698,0.9800,0.9262,0,0,476,179,597
448,17.920,68,MH01ROI8111,0.9800,0.4720,0,684,229,801,283
449,17.960,55,MH01AM6698,0.9800,0.9371,0,22,470,199,587
450,18.000,55,MH01AM6698,0.9800,0.9375,0,71,471,238,577
451,18.040,73,MH01AM6631,0.9800,0.9078,0,181,476,318,555
452,18.080,73,MH01AM6631,0.9800,0.8267,0,244,476,386,539
452,18.080,74,MH07DW2661,0.9800,0.6439,0,869,258,986,316
453,18.120,70,MH04DW0556,0.9800,0.7627,0,941,269,1058,320
453,18.120,73,MH01AM6631,0.9800,0.9250,0,326,468,460,534
454,18.160,75,MH02R0591,0.9800,0.9109,0,443,450,561,505
454,18.160,76,TN42DJ0530,0.9800,0.7841,0,1039,278,1152,327
455,18.200,77,MH01FS7576,0.9800,0.8940,0,517,438,627,486
456,18.240,78,RJ01BUO1106,0.9800,0.8901,0,604,433,705,472
456,18.240,79,MH02DFZ6321,0.9800,0.8594,0,1153,290,1262,342
457,18.280,79,MH02DFZ6321,0.9800,0.7284,0,1172,299,1272,348
457,18.280,80,MH04MS6789,0.9800,0.9083,0,0,432,95,469
457,18.280,81,TN02R0266,0.9800,0.8240,0,653,421,745,453
458,18.320,79,MH02DFZ6321,0.9800,0.3251,0,1158,301,1249,343
458,18.320,81,TN02R0266,0.9800,0.8609,0,671,409,760,441
458,18.320,82,MH01ML9494,0.9800,0.8877,0,79,412,173,444
459,18.360,81,TN02R0266,0.9800,0.8177,0,680,398,763,428
459,18.360,83,MH47M6630,0.9800,0.8703,0,144,395,230,427
459,18.360,84,MH05RO5321,0.9800,0.7937,0,934,469,979,499
459,18.360,85,RJ27RZ6321,0.9800,0.4101,0,1020,311,1181,417
460,18.400,85,RJ27RZ6321,0.9800,0.4759,0,993,296,1157,397
460,18.400,86,MH04AMG6123,0.9800,0.8563,0,208,376,287,404
460,18.400,87,MH02BA7466,0.9800,0.7263,0,689,385,755,408
461,18.440,87,MH02BA7466,0.9800,0.7439,0,684,372,758,398
461,18.440,88,MH02TC2626,0.9800,0.8471,0,248,362,321,390
461,18.440,89,MH02BP6062,0.9800,0.4166,0,917,446,961,477
462,18.480,87,MH02BA7466,0.9800,0.7245,0,685,362,765,388
462,18.480,90,MH12RM0497,0.9800,0.8461,0,281,350,350,377
463,18.520,87,MH02BA7466,0.9800,0.7164,0,684,358,751,377
463,18.520,89,MH02BP6062,0.9800,0.7040,0,927,443,970,471
463,18.520,91,GJ01ACS0341,0.9800,0.8247,0,317,340,381,362
464,18.560,87,MH02BA7466,0.9800,0.7343,0,687,356,748,374
464,18.560,89,MH02BP6062,0.9800,0.7010,0,934,445,981,472
464,18.560,91,GJ01ACS0341,0.9800,0.8309,0,343,331,403,354
465,18.600,87,MH02BA7466,0.9800,0.7239,0,692,354,752,373
465,18.600,89,MH02BP6062,0.9800,0.6694,0,942,446,987,475
465,18.600,91,GJ01ACS0341,0.9800,0.8120,0,363,327,419,348
466,18.640,87,MH02BA7466,0.9800,0.7521,0,677,348,746,368
466,18.640,89,MH02BP6062,0.9800,0.6219,0,941,446,988,475
466,18.640,91,GJ01ACS0341,0.9800,0.8171,0,376,320,426,339
467,18.680,87,MH02BA7466,0.9800,0.7392,0,674,341,739,361
467,18.680,91,GJ01ACS0341,0.9800,0.7950,0,378,311,427,331
468,18.720,84,MH05RO5321,0.9800,0.5476,0,942,450,993,483
468,18.720,87,MH02BA7466,0.9800,0.7569,0,670,340,740,362
468,18.720,91,GJ01ACS0341,0.9800,0.7923,0,386,307,435,326
469,18.760,87,MH02BA7466,0.9800,0.6819,0,681,350,751,374
469,18.760,91,GJ01ACS0341,0.9800,0.7892,0,411,311,459,331
469,18.760,92,MH02TC7318,0.9800,0.7940,0,963,482,1014,512
470,18.800,87,MH02BA7466,0.9800,0.6761,0,695,361,757,384
470,18.800,91,GJ01ACS0341,0.9800,0.7794,0,435,317,482,334
470,18.800,93,MH05MS6814,0.9800,0.7122,0,986,503,1039,535
471,18.840,91,GJ01ACS0341,0.9800,0.7473,0,452,320,498,335
471,18.840,94,KA04BA0566,0.9800,0.8210,0,1001,523,1056,555
472,18.880,87,MH02BA7466,0.9800,0.2826,0,712,362,773,386
472,18.880,91,GJ01ACS0341,0.9800,0.7285,0,468,316,509,330
472,18.880,94,KA04BA0566,0.9800,0.7818,0,1013,540,1069,574
473,18.920,87,MH02BA7466,0.9800,0.4924,0,709,358,772,378
473,18.920,91,GJ01ACS0341,0.9800,0.7567,0,483,308,519,324
473,18.920,94,KA04BA0566,0.9800,0.3203,0,1019,551,1106,582
474,18.960,87,MH02BA7466,0.9800,0.4299,0,711,358,766,377
474,18.960,91,GJ01ACS0341,0.9800,0.7235,0,495,306,526,322
475,19.000,87,MH02BA7466,0.9800,0.5299,0,708,360,762,384
475,19.000,91,GJ01ACS0341,0.9800,0.7605,0,505,311,531,325
476,19.040,87,MH02BA7466,0.9800,0.5660,0,710,360,763,382
476,19.040,91,GJ01ACS0341,0.9800,0.6059,0,513,310,537,325
477,19.080,87,MH02BA7466,0.9800,0.6691,0,707,360,761,384
477,19.080,91,GJ01ACS0341,0.9800,0.6950,0,510,310,533,324
478,19.120,87,MH02BA7466,0.9800,0.6287,0,709,360,763,384
478,19.120,91,GJ01ACS0341,0.9800,0.7594,0,505,310,531,325
479,19.160,87,MH02BA7466,0.9800,0.6287,0,709,360,763,384
479,19.160,91,GJ01ACS0341,0.9800,0.7594,0,505,310,531,325
480,19.200,87,MH02BA7466,0.9800,0.6068,0,708,359,763,383
480,19.200,91,GJ01ACS0341,0.9800,0.7582,0,504,310,530,326
481,19.240,87,MH02BA7466,0.9800,0.6069,0,708,359,763,383
481,19.240,91,GJ01ACS0341,0.9800,0.7583,0,504,310,530,326
482,19.280,87,MH02BA7466,0.9800,0.6898,0,709,359,763,382
482,19.280,91,GJ01ACS0341,0.9800,0.7562,0,502,309,530,324
483,19.320,87,MH02BA7466,0.9800,0.6894,0,709,359,763,382
483,19.320,91,GJ01ACS0341,0.9800,0.7562,0,502,309,530,324
484,19.360,87,MH02BA7466,0.9800,0.6544,0,710,359,762,382
484,19.360,91,GJ01ACS0341,0.9800,0.7031,0,500,308,526,324
485,19.400,87,MH02BA7466,0.9800,0.6469,0,710,359,762,382
485,19.400,91,GJ01ACS0341,0.9800,0.6994,0,500,308,526,324
486,19.440,87,MH02BA7466,0.9800,0.6559,0,710,358,764,379
486,19.440,91,GJ01ACS0341,0.9800,0.7339,0,494,306,526,323
487,19.480,87,MH02BA7466,0.9800,0.5426,0,710,356,765,379
487,19.480,91,GJ01ACS0341,0.9800,0.7375,0,490,306,523,322
487,19.480,95,MH01AM2626,0.9800,0.3656,0,1084,662,1107,671
488,19.520,87,MH02BA7466,0.9800,0.5426,0,710,356,765,379
488,19.520,91,GJ01ACS0341,0.9800,0.7375,0,490,306,523,322
488,19.520,95,MH01AM2626,0.9800,0.3656,0,1084,662,1107,671
489,19.560,87,MH02BA7466,0.9800,0.6273,0,710,356,762,378
489,19.560,91,GJ01ACS0341,0.9800,0.7697,0,488,306,523,324
489,19.560,95,MH01AM2626,0.9800,0.3704,0,1082,659,1106,671
490,19.600,87,MH02BA7466,0.9800,0.6187,0,710,357,762,378
490,19.600,91,GJ01ACS0341,0.9800,0.7704,0,488,306,523,323
490,19.600,95,MH01AM2626,0.9800,0.3664,0,1082,659,1106,671
491,19.640,87,MH02BA7466,0.9800,0.7203,0,712,358,769,380
491,19.640,91,GJ01ACS0341,0.9800,0.7461,0,483,307,520,325
491,19.640,94,KA04BA0566,0.9800,0.3066,0,1019,547,1115,582
492,19.680,87,MH02BA7466,0.9800,0.7196,0,712,358,769,380
492,19.680,91,GJ01ACS0341,0.9800,0.7458,0,483,307,519,325
492,19.680,94,KA04BA0566,0.9800,0.2958,0,1019,547,1115,582
493,19.720,87,MH02BA7466,0.9800,0.6691,0,706,360,769,382
493,19.720,91,GJ01ACS0341,0.9800,0.7102,0,481,310,515,327
493,19.720,94,KA04BA0566,0.9800,0.4080,0,1017,544,1087,582
494,19.760,87,MH02BA7466,0.9800,0.7294,0,705,360,770,383
494,19.760,91,GJ01ACS0341,0.9800,0.7228,0,480,310,516,327
494,19.760,94,KA04BA0566,0.9800,0.6615,0,1018,545,1079,581
495,19.800,87,MH02BA7466,0.9800,0.6987,0,706,362,769,385
495,19.800,91,GJ01ACS0341,0.9800,0.7395,0,473,314,512,330
495,19.800,94,KA04BA0566,0.9800,0.7051,0,1016,543,1072,577
496,19.840,87,MH02BA7466,0.9800,0.5849,0,704,364,765,385
496,19.840,91,GJ01ACS0341,0.9800,0.7530,0,469,315,510,330
496,19.840,94,KA04BA0566,0.9800,0.7934,0,1014,539,1069,575
497,19.880,87,MH02BA7466,0.9800,0.5849,0,704,364,765,385
497,19.880,91,GJ01ACS0341,0.9800,0.7530,0,469,315,510,330
497,19.880,94,KA04BA0566,0.9800,0.7934,0,1014,539,1069,575
498,19.920,87,MH02BA7466,0.9800,0.3403,0,705,367,762,385
498,19.920,91,GJ01ACS0341,0.9800,0.8096,0,465,316,509,333
498,19.920,94,KA04BA0566,0.9800,0.8425,0,1011,535,1066,571
498,19.920,96,TN47ER2698,0.9800,0.2823,0,1079,680,1105,693
499,19.960,87,MH02BA7466,0.9800,0.3403,0,705,367,762,385
499,19.960,91,GJ01ACS0341,0.9800,0.8096,0,465,316,509,333
499,19.960,94,KA04BA0566,0.9800,0.8425,0,1011,535,1066,571
499,19.960,96,TN47ER2698,0.9800,0.2823,0,1079,680,1105,693
500,20.000,87,MH02BA7466,0.9800,0.6566,0,704,367,765,387
500,20.000,91,GJ01ACS0341,0.9800,0.7856,0,461,318,506,334
500,20.000,94,KA04BA0566,0.9800,0.8179,0,1009,532,1063,567
500,20.000,97,KA04HM3082,0.9800,0.7372,0,635,436,690,469
501,20.040,87,MH02BA7466,0.9800,0.6566,0,704,367,765,387
501,20.040,91,GJ01ACS0341,0.9800,0.7874,0,461,318,506,334
501,20.040,94,KA04BA0566,0.9800,0.8181,0,1009,532,1063,567
501,20.040,97,KA04HM3082,0.9800,0.7422,0,635,436,690,469
502,20.080,87,MH02BA7466,0.9800,0.7417,0,703,367,767,388
502,20.080,91,GJ01ACS0341,0.9800,0.7750,0,456,319,501,335
502,20.080,94,KA04BA0566,0.9800,0.8537,0,1006,529,1059,563
503,20.120,87,MH02BA7466,0.9800,0.7421,0,703,367,767,388
503,20.120,91,GJ01ACS0341,0.9800,0.7840,0,456,319,501,335
503,20.120,94,KA04BA0566,0.9800,0.8534,0,1006,529,1059,563
503,20.120,97,KA04HM3082,0.9800,0.2718,0,633,437,691,471
504,20.160,87,MH02BA7466,0.9800,0.6609,0,701,367,765,388
504,20.160,91,GJ01ACS0341,0.9800,0.7430,0,453,320,498,335
504,20.160,94,KA04BA0566,0.9800,0.8232,0,1001,522,1055,555
505,20.200,87,MH02BA7466,0.9800,0.6611,0,701,367,765,388
505,20.200,91,GJ01ACS0341,0.9800,0.7429,0,453,320,498,335
505,20.200,94,KA04BA0566,0.9800,0.8232,0,1001,522,1055,555
506,20.240,87,MH02BA7466,0.9800,0.5660,0,701,365,764,386
506,20.240,91,GJ01ACS0341,0.9800,0.7399,0,448,320,492,334
506,20.240,94,KA04BA0566,0.9800,0.8493,0,996,516,1050,552
507,20.280,87,MH02BA7466,0.9800,0.6452,0,700,363,765,383
507,20.280,91,GJ01ACS0341,0.9800,0.7820,0,441,318,490,335
507,20.280,94,KA04BA0566,0.9800,0.7685,0,990,510,1044,543
507,20.280,96,TN47ER2698,0.9800,0.3884,0,1083,677,1107,691
507,20.280,97,KA04HM3082,0.9800,0.3921,0,621,438,676,468
508,20.320,87,MH02BA7466,0.9800,0.6452,0,700,363,765,383
508,20.320,91,GJ01ACS0341,0.9800,0.7820,0,441,318,490,335
508,20.320,94,KA04BA0566,0.9800,0.7685,0,990,510,1044,543
508,20.320,96,TN47ER2698,0.9800,0.3884,0,1083,677,1107,691
508,20.320,97,KA04HM3082,0.9800,0.3921,0,621,438,676,468
509,20.360,87,MH02BA7466,0.9800,0.7758,0,698,363,761,383
509,20.360,91,GJ01ACS0341,0.9800,0.7779,0,436,318,483,334
509,20.360,94,KA04BA0566,0.9800,0.8156,0,985,503,1037,537
510,20.400,87,MH02BA7466,0.9800,0.7922,0,698,362,762,383
510,20.400,91,GJ01ACS0341,0.9800,0.7903,0,436,318,483,334
510,20.400,94,KA04BA0566,0.9800,0.8173,0,985,503,1037,537
510,20.400,96,TN47ER2698,0.9800,0.2872,0,1077,673,1105,688
511,20.440,87,MH02BA7466,0.9800,0.7212,0,693,359,758,381
511,20.440,91,GJ01ACS0341,0.9800,0.7867,0,429,316,476,333
511,20.440,94,KA04BA0566,0.9800,0.8187,0,978,496,1031,531
511,20.440,97,KA04HM3082,0.9800,0.2852,0,610,430,667,465
512,20.480,87,MH02BA7466,0.9800,0.7209,0,693,359,758,381
512,20.480,91,GJ01ACS0341,0.9800,0.7881,0,429,316,476,333
512,20.480,94,KA04BA0566,0.9800,0.8190,0,978,496,1031,531
512,20.480,97,KA04HM3082,0.9800,0.2795,0,610,430,666,465
513,20.520,87,MH02BA7466,0.9800,0.7419,0,687,357,748,378
513,20.520,91,GJ01ACS0341,0.9800,0.7761,0,421,315,467,332
513,20.520,94,KA04BA0566,0.9800,0.8192,0,971,489,1022,521
514,20.560,87,MH02BA7466,0.9800,0.7419,0,687,357,748,378
514,20.560,91,GJ01ACS0341,0.9800,0.7756,0,421,315,468,332
514,20.560,94,KA04BA0566,0.9800,0.8208,0,971,489,1022,521
515,20.600,87,MH02BA7466,0.9800,0.2884,0,682,353,750,373
515,20.600,91,GJ01ACS0341,0.9800,0.8017,0,411,311,461,330
515,20.600,94,KA04BA0566,0.9800,0.8313,0,963,481,1013,513
516,20.640,87,MH02BA7466,0.9800,0.8029,0,678,349,742,370
516,20.640,91,GJ01ACS0341,0.9800,0.7916,0,404,310,454,329
516,20.640,94,KA04BA0566,0.9800,0.8129,0,955,473,1006,504
517,20.680,87,MH02BA7466,0.9800,0.7971,0,678,349,743,371
517,20.680,91,GJ01ACS0341,0.9800,0.7921,0,404,310,454,329
517,20.680,94,KA04BA0566,0.9800,0.8065,0,955,473,1006,504
517,20.680,97,KA04HM3082,0.9800,0.2993,0,586,419,643,455
518,20.720,87,MH02BA7466,0.9800,0.7327,0,672,346,734,368
518,20.720,91,GJ01ACS0341,0.9800,0.8075,0,396,307,449,326
518,20.720,94,KA04BA0566,0.9800,0.8229,0,948,466,1000,496
519,20.760,87,MH02BA7466,0.9800,0.7382,0,673,346,735,367
519,20.760,91,GJ01ACS0341,0.9800,0.8074,0,396,307,449,326
519,20.760,94,KA04BA0566,0.9800,0.8229,0,948,466,1000,496
520,20.800,87,MH02BA7466,0.9800,0.6994,0,674,342,737,364
520,20.800,91,GJ01ACS0341,0.9800,0.7878,0,390,306,443,325
520,20.800,94,KA04BA0566,0.9800,0.7958,0,945,457,994,490
521,20.840,87,MH02BA7466,0.9800,0.7050,0,674,342,738,364
521,20.840,91,GJ01ACS0341,0.9800,0.7877,0,390,306,443,325
521,20.840,94,KA04BA0566,0.9800,0.7965,0,945,457,994,490
522,20.880,87,MH02BA7466,0.9800,0.7422,0,672,342,737,362
522,20.880,91,GJ01ACS0341,0.9800,0.8071,0,386,307,438,324
522,20.880,94,KA04BA0566,0.9800,0.7916,0,942,451,990,482
523,20.920,87,MH02BA7466,0.9800,0.7387,0,672,342,738,362
523,20.920,91,GJ01ACS0341,0.9800,0.8071,0,386,307,439,324
523,20.920,94,KA04BA0566,0.9800,0.7880,0,942,451,990,482
524,20.960,87,MH02BA7466,0.9800,0.7534,0,671,340,739,361
524,20.960,91,GJ01ACS0341,0.9800,0.7968,0,382,307,435,326
524,20.960,94,KA04BA0566,0.9800,0.8384,0,939,447,987,479
524,20.960,98,MH02DN0682,0.9800,0.5793,0,1076,634,1101,649
525,21.000,87,MH02BA7466,0.9800,0.7553,0,671,340,739,361
525,21.000,91,GJ01ACS0341,0.9800,0.7960,0,382,307,435,326
525,21.000,94,KA04BA0566,0.9800,0.8385,0,939,447,987,479
525,21.000,98,MH02DN0682,0.9800,0.5786,0,1076,634,1101,649
526,21.040,87,MH02BA7466,0.9800,0.7354,0,670,342,736,361
526,21.040,91,GJ01ACS0341,0.9800,0.7854,0,381,310,433,327
526,21.040,94,KA04BA0566,0.9800,0.6926,0,937,445,987,475
526,21.040,98,MH02DN0682,0.9800,0.5082,0,1079,635,1107,650
527,21.080,87,MH02BA7466,0.9800,0.6831,0,674,341,740,363
527,21.080,91,GJ01ACS0341,0.9800,0.8071,0,377,311,430,331
527,21.080,94,KA04BA0566,0.9800,0.5658,0,937,444,984,475
527,21.080,98,MH02DN0682,0.9800,0.3420,0,1085,632,1110,649
528,21.120,87,MH02BA7466,0.9800,0.6833,0,674,341,740,363
528,21.120,91,GJ01ACS0341,0.9800,0.8066,0,377,311,430,331
528,21.120,94,KA04BA0566,0.9800,0.5655,0,937,444,984,475
528,21.120,98,MH02DN0682,0.9800,0.3426,0,1085,632,1110,649
529,21.160,87,MH02BA7466,0.9800,0.7301,0,675,344,739,367
529,21.160,91,GJ01ACS0341,0.9800,0.7952,0,377,314,431,333
529,21.160,94,KA04BA0566,0.9800,0.6502,0,938,445,985,475
530,21.200,87,MH02BA7466,0.9800,0.7301,0,675,344,739,367
530,21.200,91,GJ01ACS0341,0.9800,0.7941,0,377,314,431,333
530,21.200,94,KA04BA0566,0.9800,0.6500,0,938,445,985,475
531,21.240,87,MH02BA7466,0.9800,0.7388,0,677,346,744,367
531,21.240,91,GJ01ACS0341,0.9800,0.7968,0,376,316,432,336
531,21.240,94,KA04BA0566,0.9800,0.5653,0,939,445,987,474
531,21.240,99,MH01TA7598,0.9800,0.5454,0,1097,642,1124,657
532,21.280,87,MH02BA7466,0.9800,0.7390,0,677,346,744,367
532,21.280,91,GJ01ACS0341,0.9800,0.7963,0,376,316,432,336
532,21.280,94,KA04BA0566,0.9800,0.5650,0,939,445,987,474
532,21.280,99,MH01TA7598,0.9800,0.5456,0,1097,642,1124,657
533,21.320,87,MH02BA7466,0.9800,0.7535,0,682,349,749,369
533,21.320,91,GJ01ACS0341,0.9800,0.8009,0,376,319,428,340
533,21.320,94,KA04BA0566,0.9800,0.5783,0,941,446,987,475
534,21.360,87,MH02BA7466,0.9800,0.7553,0,682,349,748,369
534,21.360,91,GJ01ACS0341,0.9800,0.8102,0,376,319,428,340
534,21.360,94,KA04BA0566,0.9800,0.5043,0,941,446,987,475
535,21.400,87,MH02BA7466,0.9800,0.7386,0,686,350,752,372
535,21.400,91,GJ01ACS0341,0.9800,0.8037,0,375,322,427,341
535,21.400,94,KA04BA0566,0.9800,0.5324,0,943,444,989,473
535,21.400,100,MH01HM0292,0.9800,0.3705,0,1118,650,1143,667
536,21.440,87,MH02BA7466,0.9800,0.7385,0,691,353,746,371
536,21.440,91,GJ01ACS0341,0.9800,0.8156,0,370,324,426,344
536,21.440,94,KA04BA0566,0.9800,0.3649,0,943,446,989,474
537,21.480,87,MH02BA7466,0.9800,0.7385,0,691,353,746,371
537,21.480,91,GJ01ACS0341,0.9800,0.8156,0,370,324,426,344
537,21.480,94,KA04BA0566,0.9800,0.3648,0,943,446,989,474
538,21.520,87,MH02BA7466,0.9800,0.5961,0,693,353,757,372
538,21.520,91,GJ01ACS0341,0.9800,0.7883,0,367,325,424,346
538,21.520,94,KA04BA0566,0.9800,0.4632,0,943,446,987,473
538,21.520,101,KL01H1496,0.9800,0.4966,0,1139,656,1163,670
539,21.560,87,MH02BA7466,0.9800,0.5956,0,693,353,757,372
539,21.560,91,GJ01ACS0341,0.9800,0.7887,0,367,325,424,346
539,21.560,94,KA04BA0566,0.9800,0.4951,0,943,446,987,473
539,21.560,101,KL01H1496,0.9800,0.4957,0,1139,656,1163,670
540,21.600,87,MH02BA7466,0.9800,0.7151,0,691,353,754,374
540,21.600,91,GJ01ACS0341,0.9800,0.8271,0,362,325,419,349
540,21.600,94,KA04BA0566,0.9800,0.6909,0,942,445,986,473
541,21.640,87,MH02BA7466,0.9800,0.7141,0,691,353,754,374
541,21.640,91,GJ01ACS0341,0.9800,0.8271,0,362,325,419,349
541,21.640,94,KA04BA0566,0.9800,0.6912,0,942,445,986,473
542,21.680,87,MH02BA7466,0.9800,0.7315,0,689,354,760,377
542,21.680,91,GJ01ACS0341,0.9800,0.8278,0,357,327,417,350
542,21.680,94,KA04BA0566,0.9800,0.4594,0,940,445,985,474
543,21.720,87,MH02BA7466,0.9800,0.7317,0,689,354,760,376
543,21.720,91,GJ01ACS0341,0.9800,0.8341,0,357,327,416,350
543,21.720,94,KA04BA0566,0.9800,0.5088,0,941,445,985,474
544,21.760,87,MH02BA7466,0.9800,0.6752,0,692,355,754,377
544,21.760,91,GJ01ACS0341,0.9800,0.8335,0,351,328,409,353
544,21.760,94,KA04BA0566,0.9800,0.6236,0,937,445,983,472
545,21.800,87,MH02BA7466,0.9800,0.6663,0,689,356,752,377
545,21.800,91,GJ01ACS0341,0.9800,0.8220,0,343,330,403,355
545,21.800,94,KA04BA0566,0.9800,0.7420,0,935,445,980,473
546,21.840,87,MH02BA7466,0.9800,0.6616,0,689,356,752,377
546,21.840,91,GJ01ACS0341,0.9800,0.8220,0,343,330,403,355
546,21.840,94,KA04BA0566,0.9800,0.7518,0,935,445,980,473
547,21.880,87,MH02BA7466,0.9800,0.7687,0,685,356,756,378
547,21.880,91,GJ01ACS0341,0.9800,0.8266,0,334,333,396,357
547,21.880,94,KA04BA0566,0.9800,0.7804,0,933,443,977,472
548,21.920,87,MH02BA7466,0.9800,0.7685,0,685,356,756,378
548,21.920,91,GJ01ACS0341,0.9800,0.8274,0,334,333,396,357
548,21.920,94,KA04BA0566,0.9800,0.7804,0,933,443,977,472
549,21.960,87,MH02BA7466,0.9800,0.7481,0,689,356,755,378
549,21.960,91,GJ01ACS0341,0.9800,0.8107,0,326,335,389,360
549,21.960,94,KA04BA0566,0.9800,0.8033,0,931,443,975,471
550,22.000,87,MH02BA7466,0.9800,0.7484,0,689,356,755,378
550,22.000,91,GJ01ACS0341,0.9800,0.8103,0,326,335,389,360
550,22.000,94,KA04BA0566,0.9800,0.8034,0,931,443,975,471
551,22.040,87,MH02BA7466,0.9800,0.7742,0,687,357,753,378
551,22.040,91,GJ01ACS0341,0.9800,0.8186,0,317,338,382,363
551,22.040,94,KA04BA0566,0.9800,0.7856,0,927,443,971,471
552,22.080,87,MH02BA7466,0.9800,0.7691,0,687,358,752,378
552,22.080,91,GJ01ACS0341,0.9800,0.8186,0,317,338,382,363
552,22.080,94,KA04BA0566,0.9800,0.7849,0,927,443,971,471
553,22.120,87,MH02BA7466,0.9800,0.7545,0,676,359,751,379
553,22.120,91,GJ01ACS0341,0.9800,0.8417,0,308,340,372,365
553,22.120,94,KA04BA0566,0.9800,0.7927,0,924,443,969,472
554,22.160,87,MH02BA7466,0.9800,0.7528,0,676,359,751,379
554,22.160,91,GJ01ACS0341,0.9800,0.8419,0,308,340,372,365
554,22.160,94,KA04BA0566,0.9800,0.7919,0,924,443,969,472
555,22.200,87,MH02BA7466,0.9800,0.6933,0,686,361,750,382
555,22.200,91,GJ01ACS0341,0.9800,0.8511,0,299,345,366,370
555,22.200,94,KA04BA0566,0.9800,0.7722,0,923,444,967,472
555,22.200,102,MH01FN6626,0.9800,0.3398,0,1010,269,1058,293
556,22.240,87,MH02BA7466,0.9800,0.7832,0,690,364,754,382
556,22.240,91,GJ01ACS0341,0.9800,0.8484,0,291,348,357,373
556,22.240,94,KA04BA0566,0.9800,0.7562,0,922,445,966,472
557,22.280,87,MH02BA7466,0.9800,0.7832,0,690,364,754,382
557,22.280,91,GJ01ACS0341,0.9800,0.8484,0,291,348,357,373
557,22.280,94,KA04BA0566,0.9800,0.7562,0,922,445,966,472
558,22.320,87,MH02BA7466,0.9800,0.7604,0,688,365,757,386
558,22.320,91,GJ01ACS0341,0.9800,0.8496,0,281,350,349,378
558,22.320,94,KA04BA0566,0.9800,0.6167,0,920,447,963,472
559,22.360,87,MH02BA7466,0.9800,0.7660,0,688,365,757,386
559,22.360,91,GJ01ACS0341,0.9800,0.8495,0,281,350,349,378
559,22.360,94,KA04BA0566,0.9800,0.6171,0,920,447,963,472
560,22.400,87,MH02BA7466,0.9800,0.7724,0,689,369,752,388
560,22.400,91,GJ01ACS0341,0.9800,0.8255,0,271,355,340,382
560,22.400,103,MH02DZ1075,0.9800,0.4941,0,959,291,1069,368
561,22.440,87,MH02BA7466,0.9800,0.7724,0,689,369,752,388
561,22.440,91,GJ01ACS0341,0.9800,0.8257,0,271,355,340,382
561,22.440,103,MH02DZ1075,0.9800,0.5080,0,959,291,1069,368
562,22.480,87,MH02BA7466,0.9800,0.7378,0,690,370,761,393
562,22.480,91,GJ01ACS0341,0.9800,0.8496,0,260,359,330,385
562,22.480,94,KA04BA0566,0.9800,0.4924,0,917,446,964,475
562,22.480,103,MH02DZ1075,0.9800,0.4658,0,963,293,1082,374
563,22.520,87,MH02BA7466,0.9800,0.7477,0,689,370,761,393
563,22.520,91,GJ01ACS0341,0.9800,0.8500,0,259,359,330,385
563,22.520,94,KA04BA0566,0.9800,0.4337,0,917,447,964,475
563,22.520,103,MH02DZ1075,0.9800,0.4685,0,963,293,1082,374
564,22.560,87,MH02BA7466,0.9800,0.7449,0,690,375,761,395
564,22.560,91,GJ01ACS0341,0.9800,0.8408,0,247,362,321,391
564,22.560,94,KA04BA0566,0.9800,0.3905,0,917,448,962,476
565,22.600,87,MH02BA7466,0.9800,0.7776,0,684,379,754,400
565,22.600,91,GJ01ACS0341,0.9800,0.8590,0,234,367,311,394
565,22.600,94,KA04BA0566,0.9800,0.5219,0,917,449,962,477
566,22.640,87,MH02BA7466,0.9800,0.7776,0,684,379,754,400
566,22.640,91,GJ01ACS0341,0.9800,0.8590,0,234,367,311,394
566,22.640,94,KA04BA0566,0.9800,0.5220,0,917,449,962,477
567,22.680,87,MH02BA7466,0.9800,0.8055,0,688,381,757,404
567,22.680,91,GJ01ACS0341,0.9800,0.8595,0,223,371,298,399
567,22.680,94,KA04BA0566,0.9800,0.2804,0,920,452,963,478
567,22.680,103,MH02DZ1075,0.9800,0.3581,0,986,295,1126,395
567,22.680,104,MH01RCL9693,0.9800,0.8382,0,1079,285,1144,318
568,22.720,87,MH02BA7466,0.9800,0.8055,0,688,381,757,404
568,22.720,91,GJ01ACS0341,0.9800,0.8596,0,223,371,298,399
568,22.720,94,KA04BA0566,0.9800,0.2778,0,920,452,963,478
568,22.720,103,MH02DZ1075,0.9800,0.3507,0,986,295,1126,395
568,22.720,104,MH01RCL9693,0.9800,0.8393,0,1079,285,1144,318
569,22.760,87,MH02BA7466,0.9800,0.7993,0,690,383,769,409
569,22.760,91,GJ01ACS0341,0.9800,0.8561,0,208,375,286,405
569,22.760,94,KA04BA0566,0.9800,0.7137,0,921,454,966,482
570,22.800,87,MH02BA7466,0.9800,0.7995,0,690,383,769,409
570,22.800,91,GJ01ACS0341,0.9800,0.8563,0,208,375,286,405
570,22.800,94,KA04BA0566,0.9800,0.7126,0,921,454,966,482
571,22.840,87,MH02BA7466,0.9800,0.8007,0,683,389,759,412
571,22.840,91,GJ01ACS0341,0.9800,0.8529,0,195,381,274,411
572,22.880,87,MH02BA7466,0.9800,0.8007,0,683,389,759,412
572,22.880,91,GJ01ACS0341,0.9800,0.8530,0,195,381,274,411
573,22.920,87,MH02BA7466,0.9800,0.8175,0,688,393,760,416
573,22.920,91,GJ01ACS0341,0.9800,0.8956,0,178,385,260,416
573,22.920,94,KA04BA0566,0.9800,0.7039,0,926,461,970,489
573,22.920,104,MH01RCL9693,0.9800,0.3719,0,1109,293,1186,329
574,22.960,87,MH02BA7466,0.9800,0.8156,0,688,393,760,415
574,22.960,91,GJ01ACS0341,0.9800,0.8959,0,178,385,260,416
574,22.960,94,KA04BA0566,0.9800,0.6645,0,926,461,970,489
574,22.960,104,MH01RCL9693,0.9800,0.3859,0,1109,293,1186,329
575,23.000,87,MH02BA7466,0.9800,0.8354,0,682,394,762,423
575,23.000,91,GJ01ACS0341,0.9800,0.8728,0,162,391,246,420
575,23.000,94,KA04BA0566,0.9800,0.5301,0,932,467,973,494
575,23.000,104,MH01RCL9693,0.9800,0.4003,0,1123,294,1200,335
576,23.040,87,MH02BA7466,0.9800,0.8231,0,684,399,763,426
576,23.040,91,GJ01ACS0341,0.9800,0.8715,0,144,395,230,427
576,23.040,94,KA04BA0566,0.9800,0.7463,0,934,469,979,499
577,23.080,87,MH02BA7466,0.9800,0.8231,0,684,399,763,426
577,23.080,91,GJ01ACS0341,0.9800,0.8715,0,144,395,230,427
577,23.080,94,KA04BA0566,0.9800,0.7463,0,934,469,979,499
578,23.120,87,MH02BA7466,0.9800,0.8217,0,682,404,761,430
578,23.120,91,GJ01ACS0341,0.9800,0.8611,0,124,400,211,434
578,23.120,94,KA04BA0566,0.9800,0.7923,0,937,473,983,504
579,23.160,87,MH02BA7466,0.9800,0.8215,0,682,404,761,430
579,23.160,91,GJ01ACS0341,0.9800,0.8611,0,124,400,211,434
579,23.160,94,KA04BA0566,0.9800,0.7921,0,937,473,983,504
580,23.200,87,MH02BA7466,0.9800,0.8593,0,677,407,761,435
580,23.200,91,GJ01ACS0341,0.9800,0.8781,0,102,405,192,439
581,23.240,87,MH02BA7466,0.9800,0.8538,0,678,407,761,434
581,23.240,91,GJ01ACS0341,0.9800,0.8843,0,102,405,192,439
582,23.280,87,MH02BA7466,0.9800,0.8512,0,674,410,758,438
582,23.280,91,GJ01ACS0341,0.9800,0.8781,0,79,412,172,447
582,23.280,94,KA04BA0566,0.9800,0.4380,0,946,482,991,515
582,23.280,104,MH01RCL9693,0.9800,0.5414,0,1158,300,1249,342
583,23.320,87,MH02BA7466,0.9800,0.8516,0,674,410,758,438
583,23.320,91,GJ01ACS0341,0.9800,0.8795,0,79,412,172,447
583,23.320,94,KA04BA0566,0.9800,0.4251,0,946,482,991,515
583,23.320,104,MH01RCL9693,0.9800,0.5237,0,1158,300,1249,342
584,23.360,87,MH02BA7466,0.9800,0.8476,0,666,415,755,444
584,23.360,91,GJ01ACS0341,0.9800,0.8670,0,54,417,149,454
584,23.360,94,KA04BA0566,0.9800,0.3424,0,948,489,994,523
584,23.360,104,MH01RCL9693,0.9800,0.5332,0,1165,301,1258,346
585,23.400,87,MH02BA7466,0.9800,0.8448,0,662,418,751,447
585,23.400,91,GJ01ACS0341,0.9800,0.8871,0,26,424,124,463
585,23.400,94,KA04BA0566,0.9800,0.3401,0,954,495,1001,529
585,23.400,104,MH01RCL9693,0.9800,0.4865,0,1171,301,1267,348
585,23.400,105,MH02BFG0188,0.9800,0.7030,0,1019,293,1080,319
586,23.440,87,MH02BA7466,0.9800,0.8441,0,662,418,751,447
586,23.440,91,GJ01ACS0341,0.9800,0.8875,0,26,423,123,463
586,23.440,104,MH01RCL9693,0.9800,0.5330,0,1171,301,1267,348
586,23.440,105,MH02BFG0188,0.9800,0.6977,0,1018,293,1080,319
587,23.480,87,MH02BA7466,0.9800,0.8494,0,655,421,745,453
587,23.480,91,GJ01ACS0341,0.9800,0.8965,0,0,431,95,471
587,23.480,94,KA04BA0566,0.9800,0.4556,0,960,503,1007,536
587,23.480,104,MH01RCL9693,0.9800,0.6366,0,1171,299,1273,348
587,23.480,105,MH02BFG0188,0.9800,0.2549,0,1015,292,1079,317
588,23.520,87,MH02BA7466,0.9800,0.8475,0,655,421,745,452
588,23.520,91,GJ01ACS0341,0.9800,0.8978,0,0,431,95,471
588,23.520,94,KA04BA0566,0.9800,0.6014,0,961,503,1006,536
588,23.520,104,MH01RCL9693,0.9800,0.6726,0,1171,299,1273,348
589,23.560,87,MH02BA7466,0.9800,0.8460,0,644,423,739,458
589,23.560,91,GJ01ACS0341,0.9800,0.8607,0,0,437,66,482
589,23.560,105,MH02BFG0188,0.9800,0.4016,0,1011,292,1078,318
590,23.600,87,MH02BA7466,0.9800,0.8458,0,645,423,739,458
590,23.600,91,GJ01ACS0341,0.9800,0.8632,0,0,437,66,482
590,23.600,105,MH02BFG0188,0.9800,0.4596,0,1011,291,1078,318
591,23.640,87,MH02BA7466,0.9800,0.8659,0,633,426,730,462
591,23.640,104,MH01RCL9693,0.9800,0.3795,0,1173,294,1274,346
592,23.680,87,MH02BA7466,0.9800,0.8667,0,633,426,731,461
592,23.680,104,MH01RCL9693,0.9800,0.4462,0,1172,294,1274,346
593,23.720,87,MH02BA7466,0.9800,0.8749,0,619,429,718,467
593,23.720,104,MH01RCL9693,0.9800,0.3825,0,1164,291,1268,346
593,23.720,105,MH02BFG0188,0.9800,0.3089,0,993,285,1064,318
594,23.760,87,MH02BA7466,0.9800,0.8943,0,600,433,703,472
594,23.760,104,MH01RCL9693,0.9800,0.8270,0,1154,290,1262,342
595,23.800,87,MH02BA7466,0.9800,0.8921,0,601,433,704,471
595,23.800,104,MH01RCL9693,0.9800,0.8474,0,1154,290,1262,342
596,23.840,87,MH02BA7466,0.9800,0.8838,0,579,434,688,474
596,23.840,104,MH01RCL9693,0.9800,0.2819,0,1141,290,1253,341
597,23.880,87,MH02BA7466,0.9800,0.8809,0,579,434,688,474
598,23.920,87,MH02BA7466,0.9800,0.8855,0,537,438,648,482
599,23.960,87,MH02BA7466,0.9800,0.8850,0,538,438,648,481
599,23.960,104,MH01RCL9693,0.9800,0.3748,0,1108,284,1225,338
600,24.000,87,MH02BA7466,0.9800,0.8858,0,512,439,627,485
601,24.040,87,MH02BA7466,0.9800,0.8869,0,511,439,627,486
602,24.080,87,MH02BA7466,0.9800,0.8957,0,493,441,605,490
603,24.120,87,MH02BA7466,0.9800,0.8957,0,493,441,605,491
604,24.160,87,MH02BA7466,0.9800,0.8940,0,466,446,584,497
604,24.160,104,MH01RCL9693,0.9800,0.6678,0,1049,278,1173,328
605,24.200,87,MH02BA7466,0.9800,0.9097,0,442,451,561,503
605,24.200,104,MH01RCL9693,0.9800,0.8158,0,1038,278,1153,327
606,24.240,87,MH02BA7466,0.9800,0.9098,0,442,451,561,503
606,24.240,104,MH01RCL9693,0.9800,0.8175,0,1038,278,1153,327
607,24.280,87,MH02BA7466,0.9800,0.9225,0,414,456,537,513
607,24.280,104,MH01RCL9693,0.9800,0.8151,0,1015,276,1129,324
608,24.320,87,MH02BA7466,0.9800,0.9248,0,414,456,537,513
608,24.320,104,MH01RCL9693,0.9800,0.8284,0,1015,276,1129,325
609,24.360,87,MH02BA7466,0.9800,0.9273,0,385,460,511,521
609,24.360,104,MH01RCL9693,0.9800,0.6208,0,986,271,1105,323
610,24.400,87,MH02BA7466,0.9800,0.9284,0,385,460,511,521
610,24.400,104,MH01RCL9693,0.9800,0.6115,0,986,271,1105,323
611,24.440,87,MH02BA7466,0.9800,0.9172,0,354,464,485,531
611,24.440,104,MH01RCL9693,0.9800,0.6644,0,962,270,1081,323
612,24.480,87,MH02BA7466,0.9800,0.9171,0,354,464,486,531
612,24.480,104,MH01RCL9693,0.9800,0.6223,0,962,270,1081,322
613,24.520,87,MH02BA7466,0.9800,0.9284,0,326,468,460,534
613,24.520,104,MH01RCL9693,0.9800,0.7539,0,940,271,1057,319
614,24.560,87,MH02BA7466,0.9800,0.9050,0,297,471,434,537
614,24.560,104,MH01RCL9693,0.9800,0.3533,0,918,266,1031,318
615,24.600,87,MH02BA7466,0.9800,0.9041,0,297,471,434,537
615,24.600,104,MH01RCL9693,0.9800,0.4804,0,918,265,1031,318
616,24.640,87,MH02BA7466,0.9800,0.9020,0,269,473,409,538
617,24.680,87,MH02BA7466,0.9800,0.9019,0,269,473,409,538
618,24.720,87,MH02BA7466,0.9800,0.8955,0,243,474,386,541
618,24.720,104,MH01RCL9693,0.9800,0.4830,0,867,259,987,316
618,24.720,106,MH07ROI5005,0.9800,0.2687,0,690,254,990,398
619,24.760,87,MH02BA7466,0.9800,0.8955,0,243,474,386,541
619,24.760,104,MH01RCL9693,0.9800,0.4847,0,867,259,987,316
619,24.760,106,MH07ROI5005,0.9800,0.2702,0,690,254,989,398
620,24.800,87,MH02BA7466,0.9800,0.8705,0,233,474,363,544
621,24.840,87,MH02BA7466,0.9800,0.8705,0,233,474,363,544
622,24.880,87,MH02BA7466,0.9800,0.9008,0,206,475,341,552
622,24.880,104,MH01RCL9693,0.9800,0.2531,0,793,252,946,310
623,24.920,87,MH02BA7466,0.9800,0.9008,0,206,475,341,552
623,24.920,104,MH01RCL9693,0.9800,0.2531,0,793,252,946,310
624,24.960,87,MH02BA7466,0.9800,0.9086,0,184,475,318,555
625,25.000,87,MH02BA7466,0.9800,0.9300,0,147,474,296,565
626,25.040,87,MH02BA7466,0.9800,0.9299,0,147,474,296,564
627,25.080,87,MH02BA7466,0.9800,0.9287,0,114,473,276,570
627,25.080,104,MH01RCL9693,0.9800,0.7815,0,772,247,887,297
628,25.120,87,MH02BA7466,0.9800,0.9287,0,114,473,276,570
628,25.120,104,MH01RCL9693,0.9800,0.7815,0,772,247,887,297
629,25.160,87,MH02BA7466,0.9800,0.9327,0,93,472,257,572
630,25.200,87,MH02BA7466,0.9800,0.9327,0,93,472,257,572
631,25.240,87,MH02BA7466,0.9800,0.9369,0,71,470,239,576
632,25.280,87,MH02BA7466,0.9800,0.9369,0,71,470,239,576
633,25.320,87,MH02BA7466,0.9800,0.9350,0,52,468,225,581
634,25.360,87,MH02BA7466,0.9800,0.9283,0,37,469,211,580
634,25.360,106,MH07ROI5005,0.9800,0.3057,0,520,209,841,360
635,25.400,87,MH02BA7466,0.9800,0.9274,0,38,470,210,580
635,25.400,106,MH07ROI5005,0.9800,0.3006,0,520,209,841,360
636,25.440,87,MH02BA7466,0.9800,0.9312,0,22,469,199,587
637,25.480,87,MH02BA7466,0.9800,0.9312,0,22,469,199,587
638,25.520,87,MH02BA7466,0.9800,0.9359,0,13,470,189,590
638,25.520,106,MH07ROI5005,0.9800,0.2796,0,499,205,840,363
639,25.560,87,MH02BA7466,0.9800,0.9338,0,2,472,183,594
639,25.560,107,MH02TCO5804,0.9800,0.5731,0,685,226,807,282
640,25.600,87,MH02BA7466,0.9800,0.9213,0,0,475,180,598
641,25.640,87,MH02BA7466,0.9800,0.9254,0,0,480,178,601
642,25.680,87,MH02BA7466,0.9800,0.9344,0,0,482,179,610
642,25.680,106,MH07ROI5005,0.9800,0.4686,0,480,220,812,367
643,25.720,87,MH02BA7466,0.9800,0.9263,0,0,485,181,612
643,25.720,106,MH07ROI5005,0.9800,0.4722,0,487,219,810,371
644,25.760,87,MH02BA7466,0.9800,0.9346,0,1,488,185,620
644,25.760,106,MH07ROI5005,0.9800,0.6524,0,494,235,826,377
644,25.760,107,MH02TCO5804,0.9800,0.3483,0,683,235,802,290
645,25.800,87,MH02BA7466,0.9800,0.9190,0,9,492,191,620
645,25.800,106,MH07ROI5005,0.9800,0.4694,0,507,227,827,393
645,25.800,107,MH02TCO5804,0.9800,0.5111,0,684,234,805,293
646,25.840,87,MH02BA7466,0.9800,0.9269,0,16,494,201,623
646,25.840,106,MH07ROI5005,0.9800,0.2540,0,516,222,834,396
647,25.880,87,MH02BA7466,0.9800,0.9233,0,22,497,210,626
647,25.880,107,MH02TCO5804,0.9800,0.4849,0,681,236,816,298
648,25.920,87,MH02BA7466,0.9800,0.9262,0,37,499,221,632
648,25.920,104,MH01RCL9693,0.9800,0.7378,0,702,241,826,298
649,25.960,87,MH02BA7466,0.9800,0.9291,0,45,499,231,629
649,25.960,104,MH01RCL9693,0.9800,0.3468,0,680,234,830,298
649,25.960,106,MH07ROI5005,0.9800,0.5129,0,560,226,832,381
650,26.000,87,MH02BA7466,0.9800,0.9303,0,61,500,242,629
650,26.000,104,MH01RCL9693,0.9800,0.2561,0,575,218,841,322
651,26.040,87,MH02BA7466,0.9800,0.9320,0,70,501,252,633
651,26.040,104,MH01RCL9693,0.9800,0.7293,0,591,248,795,387
651,26.040,107,MH02TCO5804,0.9800,0.8413,0,732,246,849,300
652,26.080,87,MH02BA7466,0.9800,0.9303,0,83,501,263,630
652,26.080,107,MH02TCO5804,0.9800,0.5253,0,729,236,858,301
653,26.120,87,MH02BA7466,0.9800,0.9343,0,92,502,272,629
653,26.120,107,MH02TCO5804,0.9800,0.6729,0,748,246,867,301
654,26.160,87,MH02BA7466,0.9800,0.9318,0,105,502,283,626
654,26.160,107,MH02TCO5804,0.9800,0.4546,0,756,241,871,300
655,26.200,87,MH02BA7466,0.9800,0.9267,0,111,500,290,627
655,26.200,107,MH02TCO5804,0.9800,0.5576,0,765,246,880,300
656,26.240,87,MH02BA7466,0.9800,0.9264,0,121,500,297,623
656,26.240,107,MH02TCO5804,0.9800,0.8306,0,769,246,886,298
657,26.280,87,MH02BA7466,0.9800,0.9309,0,128,499,305,622
657,26.280,104,MH01RCL9693,0.9800,0.4224,0,639,245,839,388
657,26.280,107,MH02TCO5804,0.9800,0.8630,0,776,245,893,297
658,26.320,87,MH02BA7466,0.9800,0.9300,0,131,497,309,621
658,26.320,107,MH02TCO5804,0.9800,0.4596,0,780,241,896,298
659,26.360,87,MH02BA7466,0.9800,0.9304,0,139,496,316,620
659,26.360,107,MH02TCO5804,0.9800,0.5464,0,706,227,902,297
660,26.400,87,MH02BA7466,0.9800,0.9312,0,148,495,320,616
661,26.440,87,MH02BA7466,0.9800,0.9321,0,154,494,329,617
661,26.440,107,MH02TCO5804,0.9800,0.6365,0,788,236,913,293
662,26.480,87,MH02BA7466,0.9800,0.9308,0,162,493,333,613
662,26.480,107,MH02TCO5804,0.9800,0.3511,0,774,228,920,291
663,26.520,87,MH02BA7466,0.9800,0.9330,0,170,493,341,613
663,26.520,104,MH01RCL9693,0.9800,0.4044,0,669,215,930,355
664,26.560,87,MH02BA7466,0.9800,0.9339,0,182,493,351,612
664,26.560,104,MH01RCL9693,0.9800,0.5179,0,681,212,945,375
664,26.560,107,MH02TCO5804,0.9800,0.3695,0,691,215,937,288
665,26.600,87,MH02BA7466,0.9800,0.9349,0,193,494,362,612
665,26.600,107,MH02TCO5804,0.9800,0.7855,0,829,234,946,287
666,26.640,87,MH02BA7466,0.9800,0.9330,0,206,494,375,613
666,26.640,107,MH02TCO5804,0.9800,0.7822,0,838,235,957,287
667,26.680,87,MH02BA7466,0.9800,0.9294,0,216,498,389,616
667,26.680,107,MH02TCO5804,0.9800,0.3901,0,815,227,967,287
668,26.720,87,MH02BA7466,0.9800,0.9317,0,233,502,401,622
668,26.720,104,MH01RCL9693,0.9800,0.4759,0,750,225,979,288
669,26.760,87,MH02BA7466,0.9800,0.9367,0,246,507,414,624
669,26.760,104,MH01RCL9693,0.9800,0.5428,0,775,226,990,292
669,26.760,106,MH07ROI5005,0.9800,0.2660,0,737,220,994,381
670,26.800,87,MH02BA7466,0.9800,0.9364,0,256,513,423,631
670,26.800,104,MH01RCL9693,0.9800,0.6749,0,882,247,999,296
671,26.840,87,MH02BA7466,0.9800,0.9276,0,264,518,433,635
672,26.880,87,MH02BA7466,0.9800,0.9289,0,271,524,439,641
673,26.920,87,MH02BA7466,0.9800,0.9320,0,275,528,441,645
673,26.920,104,MH01RCL9693,0.9800,0.8277,0,900,256,1016,305
673,26.920,106,MH07ROI5005,0.9800,0.4015,0,764,260,967,398
674,26.960,106,MH07ROI5005,0.9800,0.3085,0,766,244,1025,397
675,27.000,87,MH02BA7466,0.9800,0.9353,0,278,535,447,654
675,27.000,104,MH01RCL9693,0.9800,0.3390,0,905,262,1023,308
675,27.000,106,MH07ROI5005,0.9800,0.4089,0,769,243,1027,396
675,27.000,107,MH02TCO5804,0.9800,0.2840,0,792,249,1021,309
676,27.040,87,MH02BA7466,0.9800,0.9330,0,280,537,447,656
677,27.080,87,MH02BA7466,0.9800,0.9297,0,279,538,448,657
678,27.120,87,MH02BA7466,0.9800,0.9268,0,280,539,449,658
678,27.120,104,MH01RCL9693,0.9800,0.3062,0,909,260,1026,316
679,27.160,87,MH02BA7466,0.9800,0.9267,0,280,541,450,659
679,27.160,104,MH01RCL9693,0.9800,0.6588,0,909,266,1027,316
679,27.160,106,MH07ROI5005,0.9800,0.4135,0,765,258,988,414
680,27.200,87,MH02BA7466,0.9800,0.9263,0,282,541,453,661
680,27.200,104,MH01RCL9693,0.9800,0.7441,0,910,269,1027,316
680,27.200,106,MH07ROI5005,0.9800,0.4898,0,765,288,982,410
681,27.240,87,MH02BA7466,0.9800,0.9276,0,285,540,457,660
682,27.280,87,MH02BA7466,0.9800,0.9297,0,287,541,456,658
683,27.320,87,MH02BA7466,0.9800,0.9276,0,289,540,458,657
684,27.360,87,MH02BA7466,0.9800,0.9266,0,292,541,460,657
684,27.360,104,MH01RCL9693,0.9800,0.6128,0,920,270,1038,318
684,27.360,106,MH07ROI5005,0.9800,0.4520,0,775,283,988,407
685,27.400,87,MH02BA7466,0.9800,0.9297,0,295,541,463,659
685,27.400,104,MH01RCL9693,0.9800,0.4354,0,922,270,1041,319
686,27.440,87,MH02BA7466,0.9800,0.9296,0,299,542,467,656
686,27.440,106,MH07ROI5005,0.9800,0.3418,0,784,262,1051,419
687,27.480,87,MH02BA7466,0.9800,0.9258,0,302,541,470,658
688,27.520,87,MH02BA7466,0.9800,0.9289,0,307,542,476,658
688,27.520,104,MH01RCL9693,0.9800,0.4470,0,931,274,1054,324
689,27.560,87,MH02BA7466,0.9800,0.9229,0,319,544,485,658
690,27.600,87,MH02BA7466,0.9800,0.9354,0,333,545,498,655
691,27.640,87,MH02BA7466,0.9800,0.9334,0,345,544,512,656
691,27.640,104,MH01RCL9693,0.9800,0.5835,0,974,277,1095,330
691,27.640,106,MH07ROI5005,0.9800,0.3059,0,829,270,1102,418
692,27.680,87,MH02BA7466,0.9800,0.9287,0,362,545,528,656
692,27.680,104,MH01RCL9693,0.9800,0.5691,0,926,266,1113,331
692,27.680,106,MH07ROI5005,0.9800,0.3904,0,848,269,1120,428
693,27.720,87,MH02BA7466,0.9800,0.9351,0,382,545,547,653
693,27.720,104,MH01RCL9693,0.9800,0.4605,0,921,264,1133,333
693,27.720,106,MH07ROI5005,0.9800,0.5331,0,870,261,1135,417
694,27.760,87,MH02BA7466,0.9800,0.9358,0,403,545,568,654
694,27.760,104,MH01RCL9693,0.9800,0.4659,0,895,263,1159,425
695,27.800,87,MH02BA7466,0.9800,0.9370,0,427,545,593,653
695,27.800,104,MH01RCL9693,0.9800,0.2719,0,918,289,1128,434
696,27.840,87,MH02BA7466,0.9800,0.9356,0,462,545,621,648
696,27.840,108,TN47AV2630,0.9800,0.7331,0,1089,284,1212,339
697,27.880,87,MH02BA7466,0.9800,0.9185,0,493,545,648,648
697,27.880,104,MH01RCL9693,0.9800,0.4713,0,984,292,1186,440
697,27.880,108,TN47AV2630,0.9800,0.8517,0,1114,285,1241,339
698,27.920,108,TN47AV2630,0.9800,0.7392,0,1145,288,1275,341
699,27.960,108,TN47AV2630,0.9800,0.7868,0,1178,289,1280,341
700,28.000,87,MH02BA7466,0.9800,0.2722,0,512,547,739,666
700,28.000,109,TN42HM3031,0.9800,0.4836,0,44,460,104,500
701,28.040,110,MH14TC9894,0.9800,0.6624,0,83,455,139,493
718,28.720,111,MH47AT6766,0.9800,0.5650,0,894,575,1049,645
719,28.760,111,MH47AT6766,0.9800,0.9141,0,837,561,995,641
720,28.800,111,MH47AT6766,0.9800,0.9209,0,777,557,932,638
721,28.840,111,MH47AT6766,0.9800,0.9240,0,703,551,862,637
722,28.880,87,MH02BA7466,0.9800,0.9100,0,631,548,792,637
723,28.920,87,MH02BA7466,0.9800,0.9318,0,559,545,722,638
724,28.960,87,MH02BA7466,0.9800,0.9361,0,493,544,656,640
724,28.960,112,TN02ML0166,0.9800,0.4239,0,1121,315,1253,384
725,29.000,87,MH02BA7466,0.9800,0.9335,0,431,544,596,647
725,29.000,104,MH01RCL9693,0.9800,0.7429,0,986,301,1184,379
726,29.040,87,MH02BA7466,0.9800,0.9267,0,388,546,557,655
726,29.040,104,MH01RCL9693,0.9800,0.7934,0,1012,312,1136,374
727,29.080,87,MH02BA7466,0.9800,0.9316,0,361,548,528,662
728,29.120,87,MH02BA7466,0.9800,0.9230,0,346,550,514,667
729,29.160,87,MH02BA7466,0.9800,0.9269,0,342,553,511,674
729,29.160,104,MH01RCL9693,0.9800,0.4555,0,920,300,1065,369
730,29.200,104,MH01RCL9693,0.9800,0.6496,0,919,301,1055,366
731,29.240,104,MH01RCL9693,0.9800,0.7218,0,922,301,1045,364
733,29.320,104,MH01RCL9693,0.9800,0.5966,0,922,298,1025,362
